Workbook
Name ____: #REF!
Name __________B1: [0]!__________B1
Name __________bb1: [0]!__________bb1
Name __________cc1: [0]!__________cc1
Name __________dd1: [0]!__________dd1
Name ________B1: [0]!________B1
Name ________bb1: [0]!________bb1
Name ________cc1: [0]!________cc1
Name ________dd1: [0]!________dd1
Name ________rev1: {"'Sheet2'!$A$1:$F$14"}
Name ______rev1: {"'Sheet2'!$A$1:$F$14"}
Name _____B1: [0]!_____B1
Name _____bb1: [0]!_____bb1
Name _____cc1: [0]!_____cc1
Name _____dd1: [0]!_____dd1
Name ____B1: [0]!____B1
Name ____bb1: [0]!____bb1
Name ____cc1: [0]!____cc1
Name ____dd1: [0]!____dd1
Name ___B1: [0]!___B1
Name ___bb1: [0]!___bb1
Name ___cc1: [0]!___cc1
Name ___dd1: [0]!___dd1
Name ___KD2: #REF!
Name ___KD3: #REF!
Name ___KK1: #REF!
Name ___KK2: #REF!
Name ___KK3: #REF!
Name ___rev1: {"'Sheet2'!$A$1:$F$14"}
Name __123Graph_A: #REF!
Name __123Graph_B: #REF!
Name __123Graph_C: #REF!
Name __123Graph_D: #REF!
Name __123Graph_E: #REF!
Name __123Graph_F: #REF!
Name __123Graph_LBL_A: #REF!
Name __123Graph_X: #REF!
Name __B1: [0]!__B1
Name __b2: [0]!__b2
Name __bb1: [0]!__bb1
Name __cc1: [0]!__cc1
Name __CII2: {"offequipsch",#N/A,FALSE,"GTC_Schedule";"onconstsch",#N/A,FALSE,"GTC_Schedule";"techsch",#N/A,FALSE,"GTC_Schedule";"totsch",#N/A,FALSE,"GTC_Schedule"}
Name __dd1: [0]!__dd1
Name __IntlFixup: TRUE
Name __KD2: #REF!
Name __KD3: #REF!
Name __KK1: #REF!
Name __KK2: #REF!
Name __KK3: #REF!
Name __NSO2: {"'Sheet1'!$L$16"}
Name __P3: {#N/A,#N/A,FALSE,"特殊室（ＢＱ表）"}
Name __PK2: {"'장비'!$A$3:$M$12"}
Name __PKG3: {"'장비'!$A$3:$M$12"}
Name __PPP3: {#N/A,#N/A,FALSE,"特殊室（ＢＱ表）"}
Name __PPP33: {#N/A,#N/A,FALSE,"特殊室（ＢＱ表）"}
Name __ppp34: {#N/A,#N/A,FALSE,"特殊室（ＢＱ表）"}
Name __ppp3444: {#N/A,#N/A,FALSE,"特殊室（ＢＱ表）"}
Name __qqq222: {"'장비'!$A$3:$M$12"}
Name __rev1: {"'Sheet2'!$A$1:$F$14"}
Name _01_01_01: #REF!

Sheet hsmt v2
A1: STT | B1: Mã giá | C1: Tên vật tư mới | D1: TSKT mới | E1: Tên ERP | F1: Đvt erp | G1: ĐVT | H1: SL hsmt final | I1: Số lượng hsmt mua sắm trước khi anh Khang cắt, thêm từ gói khác | J1: Đơn giá | K1: Thuế | L1: Thành tiền trước thuế | M1: Thành tiền sau thuế | N1: Tiền thuế | O1: chủng loại | P1: giá trị tương đương | Q1: sản phẩm/tháng | R1: sản phẩm/năm | V1: cocq | W1: Tiến độ | X1: Cơ sở lập dự toán | Y1: HSX/Xuất xứ | Z1: Mã ERP tương tự | AA1: Đơn giá ERP tham khảo | AB1: Thời gian nhập kho | AC1: Sô lượng tồn kho nhà máy | AD1: Số lượng cắt giảm | AE1: KL mua sắm theo QĐ 460 | AF1: Mã VT đang còn tồn kho | AG1: Ghi chú | AH1: Báo giá ASEAN | AJ1: BÁO GIÁ HUY MINH | AL1: BÁO GIÁ HẢI PHÒNG | AN1: Tên Vật tư cũ | AO1: ĐVT cũ | AP1: Khối lượng cũ | AQ1: Mã ERP P.KTAT đề xuất | AR1: Ghi chú final
A2: 1 | B2: TT_S3_DCS_0001+TT_S3_DCS_0013+TT_S3_DCS_0018+TT_S3_DCS_0021+TT_S3_DCS_0030+TT_S3_DCS_0078 | C2: Ổ cứng HDD | D2: Ổ cứng HDD Hãng: WD Ổ cứng HDD 3.5 1TB Loại và tốc độ: SATA 6Gb/s Capacity: 1TB Thông số làm việc : 5V/0.68A; 12V/0.55A | E2: Ổ cứng HDD WD 1TB | F2: Cái | G2: Cái | H2: 9 | I2: 9 | J2: 4533000 | K2: 0.08 | L2: =H2*J2 -> 40797000 | M2: =L2*(1+K2) -> 44060760 | N2: =K2*L2 -> 3263760 | O2: Vật tư/Thiết bị điện | P2: =M2/2 -> 22030380 | Q2: =1.5*(H2*30/365) -> 1.109589 | R2: =1.5*H2 -> 13.5 | S2: 1.11 | T2: =ROUND(R2,2) -> 13.5 | U2: =S2&" sản phẩm/tháng hoặc " &T2& " sản phẩm/năm " -> 1,11 sản phẩm/tháng hoặc 13,5 sản phẩm/năm | V2: CO, CQ | W2: 150 ngày | X2: Đơn giá thấp nhất trong các báo giá | Y2: Western Digital/ Thái Lan | Z2: 3.94.00.032.THA.98.000 | AC2: 0 | AD2: 0 | AE2: 4 | AH2: 4533000 | AI2: Western Digital/ Thái Lan | AJ2: 5340000 | AK2: DELL/ Trung Quốc | AL2: 6300000 | AM2: Asus/ Nhật Bản | AN2: Ổ cứng HDD Hãng : WD Ổ cứng HDD 3.5 1TB Loại và tốc độ: SATA 6Gb/s Capacity: 1TB Thông số làm việc : 5V/0.68A; 12V/0.55A | AO2: Cái | AP2: 4 | AQ2: 3.94.00.032.THA.98.000
A3: 2 | B3: TT_S3_DCS_0002 | C3: Mounting Base: HBS 01 - EPD | D3: Đế Module IO Mác, mã: HBS01-EPD Hãng sản xuất: ABB PR (Product Revision): J hoặc mới hơn | E3: Mounting Base: HBS 01 - EPD | F3: Cái | G3: Cái | H3: 22 | I3: 22 | J3: 25740000 | K3: 0.08 | L3: =H3*J3 -> 566280000 | M3: =L3*(1+K3) -> 611582400 | N3: =K3*L3 -> 45302400 | O3: Vật tư/Thiết bị điện | P3: =M3/2 -> 305791200 | Q3: =1.5*(H3*30/365) -> 2.7123288 | R3: =1.5*H3 -> 33 | S3: =ROUND(Q3,2) -> 2.71 | T3: =ROUND(R3,2) -> 33 | U3: =S3&" sản phẩm/tháng hoặc " &T3& " sản phẩm/năm " -> 2,71 sản phẩm/tháng hoặc 33 sản phẩm/năm | V3: CO, CQ | W3: 150 ngày | X3: Đơn giá thấp nhất trong các báo giá | Y3: ABB/ Pháp | Z3: 3.82.63.102.LTU.00.000 | AA3: 19360000 | AB3: =VLOOKUP(Z3,'[1]Tra giá ERP'!$A$2:$C$25844,3,0) -> Nhập kho vật tư (HĐ:118/2021) theo hóa đơn số 00000001 ngày 05.01.2022 | AC3: 0 | AD3: 0 | AE3: 22 | AH3: 28340000 | AI3: ABB/ Đức | AJ3: 25740000 | AK3: ABB/ Pháp | AL3: 29000000 | AM3: ABB/ Mỹ | AN3: Đế Module IO Mác, mã: HBS01-EPD Hãng sản xuất: ABB | AO3: Cái | AP3: 22 | AQ3: 3.82.63.102.LTU.00.000
A4: 3 | B4: TT_S3_DCS_0003 | C4: Đế gắn module IO SD I/O MOUNTING BASE Model: HBS01-FPH | D4: Đế Module IO Mác, mã: HBS01-FPH Hãng sản xuất: ABB PR (Product Revision): J hoặc mới hơn | E4: Đế gắn module IO SD I/O MOUNTING BASE Model: HBS01-FPH | F4: Cái | G4: Cái | H4: 112 | I4: 112 | J4: 23660000 | K4: 0.08 | L4: =H4*J4 -> 2649920000 | M4: =L4*(1+K4) -> 2861913600 | N4: =K4*L4 -> 211993600 | O4: Vật tư/Thiết bị điện | P4: =M4/2 -> 1430956800 | Q4: =1.5*(H4*30/365) -> 13.808219 | R4: =1.5*H4 -> 168 | S4: =ROUND(Q4,2) -> 13.81 | T4: =ROUND(R4,2) -> 168 | U4: =S4&" sản phẩm/tháng hoặc " &T4& " sản phẩm/năm " -> 13,81 sản phẩm/tháng hoặc 168 sản phẩm/năm | V4: CO, CQ | W4: 150 ngày | X4: Lấy theo đơn giá hợp đồng 40/2025/HĐ-HH ngày 30/5/2025 | Y4: ABB/ Pháp | Z4: 3.94.00.808.MLT.00.000 | AA4: 23660000 | AB4: =VLOOKUP(Z4,'[1]Tra giá ERP'!$A$2:$C$25844,3,0) -> Nhập kho vật tư (HĐ: 40/2025) theo hóa đơn số 00000121 ngày 14.10.2025 | AC4: 0 | AD4: 0 | AE4: 112 | AH4: 29000000 | AI4: ABB/ Đức | AJ4: 25740000 | AK4: ABB/ Pháp | AL4: 30000000 | AM4: ABB/ Mỹ | AN4: Đế Module IO Mác, mã: HBS01-FPH Hãng sản xuất: ABB | AO4: Cái | AP4: 112 | AQ4: 3.94.00.808.MLT.00.000
A5: 4 | B5: TT_S3_DCS_0004 | C5: Mouting base Model: HBS01-FPN | D5: Đế Module IO Mác, mã: HBS01-FPN Hãng sản xuất: ABB PR (Product Revision): J hoặc mới hơn | E5: Mouting base Model: HBS01-FPN | F5: Cái | G5: Cái | H5: 26 | I5: 26 | J5: 23500000 | K5: 0.08 | L5: =H5*J5 -> 611000000 | M5: =L5*(1+K5) -> 659880000 | N5: =K5*L5 -> 48880000 | O5: Vật tư/Thiết bị điện | P5: =M5/2 -> 329940000 | Q5: =1.5*(H5*30/365) -> 3.2054795 | R5: =1.5*H5 -> 39 | S5: =ROUND(Q5,2) -> 3.21 | T5: =ROUND(R5,2) -> 39 | U5: =S5&" sản phẩm/tháng hoặc " &T5& " sản phẩm/năm " -> 3,21 sản phẩm/tháng hoặc 39 sản phẩm/năm | V5: CO, CQ | W5: 150 ngày | X5: Lấy theo đơn giá hợp đồng 25/2025/HĐ-HH ngày 24/4/2025 | Y5: ABB/ Pháp | Z5: 3.94.00.811.IND.00.000 | AA5: 23500000 | AB5: =VLOOKUP(Z5,'[1]Tra giá ERP'!$A$2:$C$25844,3,0) -> Nhập kho vật tư (HĐ: 25/2025) theo hóa đơn số 00000070 ngày 26.05.2025 | AC5: 0 | AD5: 0 | AE5: 26 | AH5: 29500000 | AI5: ABB/ Đức | AJ5: 25740000 | AK5: ABB/ Pháp | AL5: 31500000 | AM5: ABB/ Mỹ | AN5: Đế Module IO Mác, mã: HBS01-FPN Hãng sản xuất: ABB | AO5: Cái | AP5: 26 | AQ5: 3.94.00.811.IND.00.000
A6: 5 | B6: TT_S3_DCS_0005+TT_S3_DCS_0009+TT_S3_DCS_0011+TT_S3_DCS_0014+TT_S3_DCS_0015+TT_S3_DCS_0019+TT_S3_DCS_0022+TT_S3_DCS_0025+TT_S3_DCS_0028+TT_S3_DCS_0031+TT_S3_DCS_0034+TT_S3_DCS_0037+TT_S3_DCS_0040+TT_S3_DCS_0043+TT_S3_DCS_0045+TT_S3_DCS_0047+TT_S3_DCS_0049+TT_S3_DCS_0051+TT_S3_DCS_0053+TT_S3_DCS_0056+TT_S3_DCS_0061+TT_S3_DCS_0065+TT_S3_DCS_0070+TT_S3_DCS_0073 | C6: Túi chống ẩm Silicagel có dây treo 0,5kg/túi | D6: Túi chống ẩm Silicagel có dây treo 0,5kg/túi | E6: Túi chống ẩm Silicagel có dây treo 0,5kg/túi | F6: Túi | G6: Túi | H6: 204 | I6: 204 | J6: 39000 | K6: 0.08 | L6: =H6*J6 -> 7956000 | M6: =L6*(1+K6) -> 8592480 | N6: =K6*L6 -> 636480 | O6: Vật tư/Thiết bị cơ khí | P6: =M6/2 -> 4296240 | Q6: =1.5*(H6*30/365) -> 25.150685 | R6: =1.5*H6 -> 306 | S6: =ROUND(Q6,2) -> 25.15 | T6: =ROUND(R6,2) -> 306 | U6: =S6&" sản phẩm/tháng hoặc " &T6& " sản phẩm/năm " -> 25,15 sản phẩm/tháng hoặc 306 sản phẩm/năm | W6: 150 ngày | X6: Đơn giá thấp nhất trong các báo giá | Y6: Minh Ngọc/ Việt Nam | Z6: 1.81.08.506.VIE.00.000 | AA6: 125000 | AB6: =VLOOKUP(Z6,'[1]Tra giá ERP'!$A$2:$C$25844,3,0) -> Nhập kho vật tư (HĐ:121/2023) theo hóa đơn số 00000216 ngày 13.12.2023 | AC6: 0 | AD6: 0 | AE6: 100 | AH6: 39000 | AI6: SECCO/ Việt Nam | AJ6: 42000 | AK6: Minh Ngọc/ Việt Nam | AL6: 45000 | AM6: Thịnh Phong/ Việt Nam | AN6: Túi chống ẩm Silicagel có dây treo 0,5kg/túi | AO6: Túi | AP6: 100 | AQ6: 1.81.08.506.VIE.00.000
A7: 6 | B7: TT_S3_DCS_0006 | C7: Quạt hút tủ điện SNUON 300x300mm | D7: Quạt hút tủ điện SNUON 300x300mm: Điện áp: 200V – 240V Hãng: SNUON Kích thước: 300x300x38mm Tốc độ: 2800-3250rpm Cánh quạt làm bằng nhựa Plastic cao cấp Khung quạt làm bằng kim loại: Chắc chắn | E7: #N/A | F7: #N/A | G7: Cái | H7: 50 | I7: 50 | J7: 613000 | K7: 0.08 | L7: =H7*J7 -> 30650000 | M7: =L7*(1+K7) -> 33102000 | N7: =K7*L7 -> 2452000 | O7: Vật tư/Thiết bị điện | P7: =M7/2 -> 16551000 | Q7: =1.5*(H7*30/365) -> 6.1643836 | R7: =1.5*H7 -> 75 | S7: =ROUND(Q7,2) -> 6.16 | T7: =ROUND(R7,2) -> 75 | U7: =S7&" sản phẩm/tháng hoặc " &T7& " sản phẩm/năm " -> 6,16 sản phẩm/tháng hoặc 75 sản phẩm/năm | W7: 150 ngày | X7: Đơn giá thấp nhất trong các báo giá | Y7: SNUON/ Thái Lan | Z7: chưa có mã ERP | AB7: =VLOOKUP(Z7,'[1]Tra giá ERP'!$A$2:$C$25844,3,0) -> #N/A | AC7: 0 | AD7: 0 | AE7: 50 | AH7: 613000 | AI7: SNUON/ Thái Lan | AJ7: 823000 | AK7: SNUON/ Trung Quốc | AL7: 914000 | AM7: SNUON/ Trung Quốc | AN7: Quạt hút tủ điện SNUON 300x300mm: Điện áp: 200V – 240V Hãng: SNUON Kích thước: 300x300x38mm Tốc độ: 2800-3250rpm Cánh quạt làm bằng nhựa Plastic cao cấp Khung quạt làm bằng kim loại: Chắc chắn | AO7: Cái | AP7: 50 | AQ7: chưa có mã ERP
A8: 7 | B8: TT_S3_DCS_0055 | C8: Ổ cứng SSD Samsung 870 Evo 1TB | D8: SSD Samsung 870 Evo 1TB Kích thước: 2.5-Inch SATA III MZ-77E1T0BW | E8: Ổ cứng SSD Samsung 870 Evo 1TB | F8: Cái | G8: Cái | H8: 2 | I8: 2 | J8: 7508000 | K8: 0.08 | L8: =H8*J8 -> 15016000 | M8: =L8*(1+K8) -> 16217280 | N8: =K8*L8 -> 1201280 | O8: Vật tư/Thiết bị điện | P8: =M8/2 -> 8108640 | Q8: =1.5*(H8*30/365) -> 0.24657534 | R8: =1.5*H8 -> 3 | S8: =ROUND(Q8,2) -> 0.25 | T8: =ROUND(R8,2) -> 3 | U8: =S8&" sản phẩm/tháng hoặc " &T8& " sản phẩm/năm " -> 0,25 sản phẩm/tháng hoặc 3 sản phẩm/năm | W8: 150 ngày | X8: Đơn giá thấp nhất trong các báo giá | Y8: Samsung/ Hàn Quốc | Z8: 3.94.00.124.CHN.00.000 | AA8: 5500000 | AB8: =VLOOKUP(Z8,'[1]Tra giá ERP'!$A$2:$C$25844,3,0) -> Nhập kho vật tư (HĐ: 34/2025) theo hóa đơn số 00000073 ngày 05.06.2025 | AC8: 0 | AD8: 0 | AE8: 2 | AH8: 8240000 | AI8: Samsung/ Hàn Quốc | AJ8: 7508000 | AK8: Samsung/ Hàn Quốc | AL8: 11000000 | AM8: Samsung/ Hàn Quốc | AN8: SSD Samsung 870 Evo 1TB Kích thước: 2.5-Inch SATA III MZ-77E1T0BW | AO8: Cái | AP8: 2 | AQ8: 3.94.00.124.CHN.00.000
A9: 8 | B9: TT_S3_TM__00356 | C9: Công tắc (Switch) Model: DZ-10GW-1B | D9: Công tắc (Switch) Model: DZ-10GW-1B Điện áp max: 250 VAC/VDC Dòng điện định mức: 10A Số công tắc: DPDT NSX: Omron | E9: #N/A | F9: #N/A | G9: Cái | H9: 13 | I9: 13 | J9: 1150000 | K9: 0.08 | L9: =H9*J9 -> 14950000 | M9: =L9*(1+K9) -> 16146000 | N9: =K9*L9 -> 1196000 | O9: Vật tư/Thiết bị điện | P9: =M9/2 -> 8073000 | Q9: =1.5*(H9*30/365) -> 1.6027397 | R9: =1.5*H9 -> 19.5 | S9: =ROUND(Q9,2) -> 1.6 | T9: =ROUND(R9,2) -> 19.5 | U9: =S9&" sản phẩm/tháng hoặc " &T9& " sản phẩm/năm " -> 1,6 sản phẩm/tháng hoặc 19,5 sản phẩm/năm | W9: 150 ngày | X9: Đơn giá thấp nhất trong các báo giá | Y9: Omron/ Trung Quốc | AA9: #N/A | AB9: =VLOOKUP(Z9,'[1]Tra giá ERP'!$A$2:$C$25844,3,0) -> #N/A | AC9: 0 | AD9: 0 | AE9: 13 | AH9: 2540000 | AI9: Omron/ Nhật Bản | AJ9: 1150000 | AK9: Omron/ Trung Quốc | AL9: 3500000 | AM9: Omron/ Hàn Quốc | AN9: Công tắc (Switch) Model: DZ-10GW-1B; Rated voltage: 10A | AO9: Cái | AP9: 13
A10: 9 | B10: TT_S3_TM__00391 | C10: Vòng đệm tròn cao su/O-ring, KT: ID456.06x5.33mm, vật liệu: Viton | D10: Vòng đệm tròn cao su/O-ring - Kích thước: ID 456.06 x 5.33 mm - Vật liệu: Viton | E10: Vòng đệm tròn cao su/O-ring, KT: ID456.06x5.33mm, vật liệu: Viton | F10: Cái | G10: Cái | H10: 3 | I10: 3 | J10: 2000000 | K10: 0.08 | L10: =H10*J10 -> 6000000 | M10: =L10*(1+K10) -> 6480000 | N10: =K10*L10 -> 480000 | O10: Vật tư/Thiết bị cơ khí | P10: =M10/2 -> 3240000 | Q10: =1.5*(H10*30/365) -> 0.36986301 | R10: =1.5*H10 -> 4.5 | S10: =ROUND(Q10,2) -> 0.37 | T10: =ROUND(R10,2) -> 4.5 | U10: =S10&" sản phẩm/tháng hoặc " &T10& " sản phẩm/năm " -> 0,37 sản phẩm/tháng hoặc 4,5 sản phẩm/năm | W10: 150 ngày | X10: Đơn giá thấp nhất trong các báo giá | Y10: NAK/ Đài Loan | Z10: 4.88.65.560.IND.00.000 | AC10: 0 | AD10: 0 | AE10: 3 | AH10: 3100000 | AI10: Gapi/ Ý | AJ10: 2973000 | AK10: NOK/ Đài Loan | AL10: 2000000 | AM10: NAK/ Đài Loan | AN10: Vòng đệm tròn cao su/O-ring - Kích thước: ID 456.06 x 5.33 mm - Vật liệu: Viton | AO10: Cái | AP10: 3 | AQ10: 4.88.65.560.IND.00.000
A11: 10 | B11: TT_S3_TM__00392 | C11: Vòng đệm tròn cao su/O-ring, Kích thước: ID 53.34 x 5.33 mm | D11: Vòng đệm tròn cao su/O-ring - Kích thước: ID 53.34 x 5.33 mm - Vật liệu: Viton | E11: #N/A | F11: #N/A | G11: Cái | H11: 1 | I11: 1 | J11: 240000 | K11: 0.08 | L11: =H11*J11 -> 240000 | M11: =L11*(1+K11) -> 259200 | N11: =K11*L11 -> 19200 | O11: Vật tư/Thiết bị cơ khí | P11: =M11/2 -> 129600 | Q11: =1.5*(H11*30/365) -> 0.12328767 | R11: =1.5*H11 -> 1.5 | S11: =ROUND(Q11,2) -> 0.12 | T11: =ROUND(R11,2) -> 1.5 | U11: =S11&" sản phẩm/tháng hoặc " &T11& " sản phẩm/năm " -> 0,12 sản phẩm/tháng hoặc 1,5 sản phẩm/năm | W11: 150 ngày | X11: Đơn giá thấp nhất trong các báo giá | Y11: NAK/ Đài Loan | AA11: #N/A | AB11: =VLOOKUP(Z11,'[1]Tra giá ERP'!$A$2:$C$25844,3,0) -> #N/A | AC11: 0 | AD11: 0 | AE11: 1 | AH11: 550000 | AI11: Gapi/ Ý | AJ11: 430000 | AK11: NOK/ Đài Loan | AL11: 240000 | AM11: NAK/ Đài Loan | AN11: Vòng đệm tròn cao su/O-ring - Kích thước: ID 53.34 x 5.33 mm - Vật liệu: Viton | AO11: Cái | AP11: 1
A12: 11 | B12: TT_S3_TM__00393 | C12: Vòng đệm tròn cao su/O-ring, KT: ID46.99x5.33mm, vật liệu: Viton | D12: Vòng đệm tròn cao su/O-ring - Kích thước: ID 46.99 x 5.33 mm - Vật liệu: Viton | E12: Vòng đệm tròn cao su/O-ring, KT: ID46.99x5.33mm, vật liệu: Viton | F12: Cái | G12: Cái | H12: 2 | I12: 2 | J12: 500000 | K12: 0.08 | L12: =H12*J12 -> 1000000 | M12: =L12*(1+K12) -> 1080000 | N12: =K12*L12 -> 80000 | O12: Vật tư/Thiết bị cơ khí | P12: =M12/2 -> 540000 | Q12: =1.5*(H12*30/365) -> 0.24657534 | R12: =1.5*H12 -> 3 | S12: =ROUND(Q12,2) -> 0.25 | T12: =ROUND(R12,2) -> 3 | U12: =S12&" sản phẩm/tháng hoặc " &T12& " sản phẩm/năm " -> 0,25 sản phẩm/tháng hoặc 3 sản phẩm/năm | W12: 150 ngày | X12: Đơn giá thấp nhất trong các báo giá | Y12: NAK/ Đài Loan | Z12: 4.88.65.557.ITA.00.000 | AC12: 0 | AD12: 0 | AE12: 2 | AH12: 540000 | AI12: Gapi/ Ý | AJ12: 780000 | AK12: NOK/ Đài Loan | AL12: 500000 | AM12: NAK/ Đài Loan | AN12: Vòng đệm tròn cao su/O-ring - Kích thước: ID 46.99 x 5.33 mm - Vật liệu: Viton | AO12: Cái | AP12: 2 | AQ12: 4.88.65.557.ITA.00.000
A13: 12 | B13: TT_S3_TM__00394 | C13: Vòng đệm tròn cao su/O-ring, KT: ID 69.44x3.53mm, vật liệu: Viton | D13: Vòng đệm tròn cao su/O-ring - Kích thước: ID 69.44 x 3.53 mm - Vật liệu: Viton | E13: Vòng đệm tròn cao su/O-ring, KT: ID 69.44x3.53mm, vật liệu: Viton | F13: Cái | G13: Cái | H13: 2 | I13: 2 | J13: 250000 | K13: 0.08 | L13: =H13*J13 -> 500000 | M13: =L13*(1+K13) -> 540000 | N13: =K13*L13 -> 40000 | O13: Vật tư/Thiết bị cơ khí | P13: =M13/2 -> 270000 | Q13: =1.5*(H13*30/365) -> 0.24657534 | R13: =1.5*H13 -> 3 | S13: =ROUND(Q13,2) -> 0.25 | T13: =ROUND(R13,2) -> 3 | U13: =S13&" sản phẩm/tháng hoặc " &T13& " sản phẩm/năm " -> 0,25 sản phẩm/tháng hoặc 3 sản phẩm/năm | W13: 150 ngày | X13: Đơn giá thấp nhất trong các báo giá | Y13: NAK/ Đài Loan | Z13: 4.88.65.549.ITA.00.000 | AC13: 0 | AD13: 0 | AE13: 2 | AH13: 312000 | AI13: Gapi/ Ý | AJ13: 280000 | AK13: NOK/ Đài Loan | AL13: 250000 | AM13: NAK/ Đài Loan | AN13: Vòng đệm tròn cao su/O-ring - Kích thước: ID 69.44 x 3.53 mm - Vật liệu: Viton | AO13: Cái | AP13: 2 | AQ13: 4.88.65.549.ITA.00.000
A14: 13 | B14: TT_S3_TM__00395 | C14: Vòng đệm nhựa, rộng: 20mm, dày: 2mm, chất liệu: Teflon | D14: Vòng đệm nhựa - Chiều rộng: 20. mm - Chiều dày: 2 mm - Chất liệu: Teflon | E14: Vòng đệm nhựa, rộng: 20mm, dày: 2mm, chất liệu: Teflon | F14: Mét | G14: Mét | H14: 1.5 | I14: 1.5 | J14: 1000000 | K14: 0.08 | L14: =H14*J14 -> 1500000 | M14: =L14*(1+K14) -> 1620000 | N14: =K14*L14 -> 120000 | O14: Vật tư/Thiết bị cơ khí | P14: =M14/2 -> 810000 | Q14: =1.5*(H14*30/365) -> 0.18493151 | R14: =1.5*H14 -> 2.25 | S14: =ROUND(Q14,2) -> 0.18 | T14: =ROUND(R14,2) -> 2.25 | U14: =S14&" sản phẩm/tháng hoặc " &T14& " sản phẩm/năm " -> 0,18 sản phẩm/tháng hoặc 2,25 sản phẩm/năm | W14: 150 ngày | X14: Đơn giá thấp nhất trong các báo giá | Y14: NAK/ Đài Loan | Z14: 4.90.80.221.IND.00.000 | AC14: 0 | AD14: 0 | AE14: 1.5 | AH14: 1200000 | AI14: Gapi/ Ý | AJ14: 1450000 | AK14: NOK/ Đài Loan | AL14: 1000000 | AM14: NAK/ Đài Loan | AN14: Vòng đệm nhựa - Chiều rộng: 20. mm - Chiều dày: 2 mm - Chất liệu: Teflon | AO14: Mét | AP14: 1.5 | AQ14: 4.90.80.221.IND.00.000
A15: 14 | B15: TT_S3_TM__00531 | C15: Van điện từ/Solenoid valve, Model: 8316P064, 10-250 psi, 110-240 VAC | D15: Van điện từ/Solenoid valve: - Model: 8316P064 - Voltage: 110-240VAC 50Hz, 2W - Inert gas: 10-250 psi Manufacturer: ASCO | E15: Solenoid valve, Model: 8316P064, 10-250 psi, 110-240 VAC | F15: Cái | G15: Cái | H15: 2 | I15: 2 | J15: 37000000 | K15: 0.08 | L15: =H15*J15 -> 74000000 | M15: =L15*(1+K15) -> 79920000 | N15: =K15*L15 -> 5920000 | O15: Vật tư/Thiết bị điện | P15: =M15/2 -> 39960000 | Q15: =1.5*(H15*30/365) -> 0.24657534 | R15: =1.5*H15 -> 3 | S15: =ROUND(Q15,2) -> 0.25 | T15: =ROUND(R15,2) -> 3 | U15: =S15&" sản phẩm/tháng hoặc " &T15& " sản phẩm/năm " -> 0,25 sản phẩm/tháng hoặc 3 sản phẩm/năm | W15: 150 ngày | X15: Đơn giá thấp nhất trong các báo giá | Y15: ASCO/ Singapore | Z15: 5.19.90.184.MEX.00.000 | AA15: 20088000 | AB15: =VLOOKUP(Z15,'[1]Tra giá ERP'!$A$2:$C$25844,3,0) -> Nhập kho vật tư (HĐ:106/2023) theo hóa đơn số 00000025 ngày 23.11.2023 | AC15: 0 | AD15: 0 | AE15: 2 | AG15: Chỉnh sửa tên vật tư trong ERP cho phù với quy tắc chuẩn hóa, đơn vị tính cái | AH15: 37000000 | AI15: ASCO/ Singapore | AJ15: 38000000 | AK15: Asco/ Mỹ | AL15: 41200000 | AM15: ASCO/ Đức | AN15: Cụm van điện từ thường đóng: - Model: 8316P064 - Voltage: 110-240VAC 50Hz, 2W - Inert gas: 10-250 psi Manufacturer: ASCO | AO15: Bộ | AP15: 2 | AQ15: 5.19.90.184.MEX.00.000
A16: 15 | B16: TT_S3_TM__00532 | C16: Van điện từ/ Solenoid valve | D16: Van điện từ/ Solenoid valve: - Model: 8316P066 - Voltage: 110-240VAC 50Hz, 2W - Inert gas: 10-250 psi Manufacturer: ASCO | E16: Solenoid valve, Model: 8316P066, 10-250 psi, 100-240/50-60 Hz/DC | F16: Cái | G16: Cái | H16: 2 | I16: 2 | J16: 14350000 | K16: 0.08 | L16: =H16*J16 -> 28700000 | M16: =L16*(1+K16) -> 30996000 | N16: =K16*L16 -> 2296000 | O16: Vật tư/Thiết bị điện | P16: =M16/2 -> 15498000 | Q16: =1.5*(H16*30/365) -> 0.24657534 | R16: =1.5*H16 -> 3 | S16: =ROUND(Q16,2) -> 0.25 | T16: =ROUND(R16,2) -> 3 | U16: =S16&" sản phẩm/tháng hoặc " &T16& " sản phẩm/năm " -> 0,25 sản phẩm/tháng hoặc 3 sản phẩm/năm | W16: 150 ngày | X16: Đơn giá thấp nhất trong các báo giá | Y16: ASCO/ Singapore | Z16: 5.19.90.215.MEX.99.000 | AA16: 14190000 | AB16: =VLOOKUP(Z16,'[1]Tra giá ERP'!$A$2:$C$25844,3,0) -> Nhập kho vật tư (HĐ: 50/2025) theo hóa đơn số 804 ngày 07.10.2025 | AC16: 0 | AD16: 0 | AE16: 2 | AG16: Chỉnh sửa tên vật tư trong ERP cho phù với quy tắc chuẩn hóa, đơn vị tính cái | AH16: 14350000 | AI16: ASCO/ Singapore | AJ16: 15900000 | AK16: Asco/ Mỹ | AL16: 18000000 | AM16: ASCO/ Đức | AN16: Cụm van điện từ thường mở: - Model: 8316P066 - Voltage: 110-240VAC 50Hz, 2W - Inert gas: 10-250 psi Manufacturer: ASCO | AO16: Bộ | AP16: 2 | AQ16: 5.19.90.215.MEX.99.000
A17: 16 | B17: TT_S3_TM__00800 | C17: Vòng đệm làm kín/ Bonet gasket pos 10 | D17: Vòng đệm làm kín/ Bonet gasket pos 10 (model : BV500 class 600, body 2'', serial no: 24255,24256,24257,24258,24259,24260,24261, 24262 NSX: WEIR hoặc tương đương, | E17: #N/A | F17: #N/A | G17: Cái | H17: 9 | I17: 9 | J17: 124250000 | K17: 0.08 | L17: =H17*J17 -> 1118250000 | M17: =L17*(1+K17) -> 1207710000 | N17: =K17*L17 -> 89460000 | O17: Vật tư/Thiết bị cơ khí | P17: =M17/2 -> 603855000 | Q17: =1.5*(H17*30/365) -> 1.109589 | R17: =1.5*H17 -> 13.5 | S17: =ROUND(Q17,2) -> 1.11 | T17: =ROUND(R17,2) -> 13.5 | U17: =S17&" sản phẩm/tháng hoặc " &T17& " sản phẩm/năm " -> 1,11 sản phẩm/tháng hoặc 13,5 sản phẩm/năm | V17: CO, CQ | W17: 150 ngày | X17: Đơn giá thấp nhất trong các báo giá | Y17: WEIR/ Hàn Quốc | AA17: #N/A | AB17: =VLOOKUP(Z17,'[1]Tra giá ERP'!$A$2:$C$25844,3,0) -> #N/A | AC17: 0 | AD17: 0 | AE17: 9 | AG17: Bản vẽ đính kèm | AH17: 124250000 | AI17: WEIR/ Hàn Quốc | AJ17: 135600000 | AK17: Weir/ Trung Quốc | AL17: 141900000 | AM17: WEIR/ Hàn Quốc | AN17: Vòng đệm làm kín/ Bonet gasket pos 10 (model : BV500 class 600, body 2'', NSX: WEIR hoặc tương đương, serial no: 24255,24256,24257,24258,24259,24260,24261, 24262)/Tấm chèn chi tiết van | AO17: Cái | AP17: 9
A18: 17 | B18: TT_S3_TM__00801 | C18: Vòng đệm làm kín/ Seat gasket pos 11 | D18: Vòng đệm làm kín/ seat gasket pos 11; cho loại van BV500 class 600, body 2", Serial no: 19171,19173,19175,19177,19179,19181,19183, 19185 NSX: WEIR hoặc tương đương | E18: Vòng đệm làm kín/ seat gasket pos 11; cho loại van BV500 class 600, body 2, Serial no: 19171,19173,19175,19177,19179,19181,19183, 19185 | F18: Cái | G18: Cái | H18: 9 | I18: 9 | J18: 137250000 | K18: 0.08 | L18: =H18*J18 -> 1235250000 | M18: =L18*(1+K18) -> 1334070000 | N18: =K18*L18 -> 98820000 | O18: Vật tư/Thiết bị cơ khí | P18: =M18/2 -> 667035000 | Q18: =1.5*(H18*30/365) -> 1.109589 | R18: =1.5*H18 -> 13.5 | S18: =ROUND(Q18,2) -> 1.11 | T18: =ROUND(R18,2) -> 13.5 | U18: =S18&" sản phẩm/tháng hoặc " &T18& " sản phẩm/năm " -> 1,11 sản phẩm/tháng hoặc 13,5 sản phẩm/năm | V18: CO, CQ | W18: 150 ngày | X18: Đơn giá thấp nhất trong các báo giá | Y18: WEIR/ Hàn Quốc | Z18: 5.04.01.081.KOR.00.000 | AA18: 12291700 | AB18: =VLOOKUP(Z18,'[1]Tra giá ERP'!$A$2:$C$25844,3,0) -> Nhập kho vật tư (HĐ:46/2022) theo hóa đơn số 68, 69 ngày 13.10.2022 | AC18: 0 | AD18: 0 | AE18: 9 | AG18: Bản vẽ đính kèm | AH18: 143000000 | AI18: WEIR/ Hàn Quốc | AJ18: 155000000 | AK18: Weir/ Trung Quốc | AL18: 137250000 | AM18: WEIR/ Hàn Quốc | AN18: Vòng đệm làm kín/ Seat gasket pos 11 (model : BV500 class 600, body 2'', NSX: WEIR hoặc tương đương, serial no: 19172,19174,19176,19178,19180,19182,19184, 19186)/Tấm chèn chi tiết van | AO18: Cái | AP18: 9 | AQ18: 5.04.01.081.KOR.00.000
A19: 18 | B19: TT_S3_TM__00802 | C19: Chèn làm kín/ Packing grafoil pos 12 | D19: Chèn làm kín/ packing grafoil pos 12; sử dụng cho loại van BV500 class 600, body 2", serial no: 19171,19173,19175,19177,19179,19181,19183, 19185 NSX: WEIR hoặc tương đương | E19: #N/A | F19: #N/A | G19: Bộ | H19: 9 | I19: 9 | J19: 131250000 | K19: 0.08 | L19: =H19*J19 -> 1181250000 | M19: =L19*(1+K19) -> 1275750000 | N19: =K19*L19 -> 94500000 | O19: Vật tư/Thiết bị cơ khí | P19: =M19/2 -> 637875000 | Q19: =1.5*(H19*30/365) -> 1.109589 | R19: =1.5*H19 -> 13.5 | S19: =ROUND(Q19,2) -> 1.11 | T19: =ROUND(R19,2) -> 13.5 | U19: =S19&" sản phẩm/tháng hoặc " &T19& " sản phẩm/năm " -> 1,11 sản phẩm/tháng hoặc 13,5 sản phẩm/năm | V19: CO, CQ | W19: 150 ngày | X19: Đơn giá thấp nhất trong các báo giá | Y19: WEIR/ Hàn Quốc | Z19: 5.04.01.185.KOR.00.000 | AA19: #N/A | AB19: =VLOOKUP(Z19,'[1]Tra giá ERP'!$A$2:$C$25844,3,0) -> #N/A | AC19: 0 | AD19: 0 | AE19: 9 | AG19: Bản vẽ đính kèm | AH19: 132000000 | AI19: WEIR/ Hàn Quốc | AJ19: 131250000 | AK19: Weir/ Trung Quốc | AL19: 150000000 | AM19: Emerson/ Mỹ | AN19: Chèn làm kín/ Packing grafoil pos 12 (model : BV500 class 600, body 2'', NSX: WEIR hoặc tương đương, serial no: 19172,19174,19176,19178,19180,19182,19184, 19186) | AO19: Bộ | AP19: 9 | AQ19: 5.04.01.185.KOR.00.000
A20: 19 | B20: TT_S3_TM__01286 | C20: Tấm đệm làm kín Tombo 1995, sizes: 2mm x 1S (1270×1270mm) | D20: Tấm đệm làm kín Tombo 1995, sizes: 2mm x 1S (1270×1270mm) | E20: Tấm đệm làm kín Tombo 1995, sizes: 2mm x 1S (1270×1270mm) | F20: Tấm | G20: Tấm | H20: =2+1 -> 3 | I20: 2 | J20: 49954909 | K20: 0.08 | L20: =H20*J20 -> 1.4986473e+08 | M20: =L20*(1+K20) -> 1.6185391e+08 | N20: =K20*L20 -> 11989178 | O20: Vật tư/Thiết bị cơ khí | P20: =M20/2 -> 80926953 | Q20: =1.5*(H20*30/365) -> 0.36986301 | R20: =1.5*H20 -> 4.5 | S20: =ROUND(Q20,2) -> 0.37 | T20: =ROUND(R20,2) -> 4.5 | U20: =S20&" sản phẩm/tháng hoặc " &T20& " sản phẩm/năm " -> 0,37 sản phẩm/tháng hoặc 4,5 sản phẩm/năm | V20: CO, CQ | W20: 150 ngày | X20: Đơn giá thấp nhất trong các báo giá | Y20: NICHIAS/ Nhật Bản | Z20: 4.86.10.128.JPN.00.000 | AA20: 41629091 | AB20: =VLOOKUP(Z20,'[1]Tra giá ERP'!$A$2:$C$25844,3,0) -> Nhập kho vật tư (HĐ:73/2023) theo hóa đơn số 157 ngày 30.08.2023 | AC20: 0 | AD20: 0 | AE20: 2 | AH20: 51980000 | AI20: NICHIAS/ Nhật Bản | AJ20: 55000000 | AK20: Klinger/ Đức | AL20: 49954909 | AM20: Song Nguyên/ Việt Nam | AN20: Tấm đệm làm kín Tombo 1995 - Sizes: 2mm x 1S (1270×1270mm) | AO20: Tấm | AP20: 2 | AQ20: 4.86.10.128.JPN.00.000 | AR20: Tăng thêm 1 tấm chuyển từ gói anh minh sang
A21: 20 | B21: TT_S3_TM__01489 | C21: Floating Labyrinth Seals/ chèn dầu ổ trục động cơ | D21: Floating Labyrinth Seals/ chèn dầu ổ trục động cơ - Dimensions: D: 200mm, d1: 220mm, d2:230mm, d3: 222mm, d4: 232mm, garter spring: ∅5x1, length: 651mm - Material: Plyimide - Color: Amber NSX: RENK hoặc tương đương | E21: #N/A | F21: #N/A | G21: Bộ | H21: 2 | I21: 2 | J21: 10000000 | K21: 0.08 | L21: =H21*J21 -> 20000000 | M21: =L21*(1+K21) -> 21600000 | N21: =K21*L21 -> 1600000 | O21: Vật tư/Thiết bị cơ khí | P21: =M21/2 -> 10800000 | Q21: =1.5*(H21*30/365) -> 0.24657534 | R21: =1.5*H21 -> 3 | S21: =ROUND(Q21,2) -> 0.25 | T21: =ROUND(R21,2) -> 3 | U21: =S21&" sản phẩm/tháng hoặc " &T21& " sản phẩm/năm " -> 0,25 sản phẩm/tháng hoặc 3 sản phẩm/năm | W21: 150 ngày | X21: Đơn giá thấp nhất trong các báo giá | Y21: RENK/ Trung Quốc | Z21: Chưa có mã VT | AA21: #N/A | AB21: =VLOOKUP(Z21,'[1]Tra giá ERP'!$A$2:$C$25844,3,0) -> #N/A | AC21: 0 | AD21: 0 | AE21: 2 | AG21: Tài liệu định kèm | AH21: 19200000 | AI21: RENK/ Trung Quốc | AJ21: 10000000 | AK21: RENK/ Trung Quốc | AL21: 15400000 | AM21: RENK/ Trung Quốc | AN21: Floating Labyrinth Seals/ chèn dầu ổ trục động cơ - Dimensions: D: 200mm, d1: 220mm, d2:230mm, d3: 222mm, d4: 232mm, garter spring: ∅5x1, length: 651mm - Material: Plyimide - Color: Amber | AO21: Bộ | AP21: 2 | AQ21: Chưa có mã VT
A22: 21 | B22: TT_S3_TM__01741 | C22: Nhựa tấm teflon (PTFE tấm), KT: 1000mmx1000mmx04mm | D22: Nhựa tấm teflon (PTFE tấm), KT: 1000mmx1000mmx04mm | E22: #N/A | F22: #N/A | G22: Tấm | H22: =1+1 -> 2 | I22: 1 | J22: 18372000 | K22: 0.08 | L22: =H22*J22 -> 36744000 | M22: =L22*(1+K22) -> 39683520 | N22: =K22*L22 -> 2939520 | O22: Vật tư/Thiết bị cơ khí | P22: =M22/2 -> 19841760 | Q22: =1.5*(H22*30/365) -> 0.24657534 | R22: =1.5*H22 -> 3 | S22: =ROUND(Q22,2) -> 0.25 | T22: =ROUND(R22,2) -> 3 | U22: =S22&" sản phẩm/tháng hoặc " &T22& " sản phẩm/năm " -> 0,25 sản phẩm/tháng hoặc 3 sản phẩm/năm | W22: 150 ngày | X22: Đơn giá thấp nhất trong các báo giá | Y22: YUANYU/ Trung Quốc | Z22: Chưa có mã VT | AA22: #N/A | AB22: =VLOOKUP(Z22,'[1]Tra giá ERP'!$A$2:$C$25844,3,0) -> #N/A | AC22: 0 | AD22: 0 | AE22: 1 | AH22: 22000000 | AI22: Wenzhou/ Trung Quốc | AJ22: 18372000 | AK22: YUANYU/ Trung Quốc | AL22: 28340000 | AM22: Acetal/ Mỹ | AN22: Tấm Teflon kích thước 1000x1000x4mm | AO22: Tấm | AP22: 1 | AQ22: Chưa có mã VT | AR22: Tăng thêm 1 tấm chuyển từ gói anh minh sang
A23: 22 | B23: TT_S3_TM__02051 | C23: Thép tấm hardox 500, KT: 1000mmx3000mmx6mm | D23: Thép tấm hardox 500, KT: 1000mmx3000mmx6mm | E23: Thép tấm hardox 500, KT: 1000mmx3000mmx6mm | F23: Tấm | G23: Tấm | H23: 1 | I23: 1 | J23: 18500000 | K23: 0.08 | L23: =H23*J23 -> 18500000 | M23: =L23*(1+K23) -> 19980000 | N23: =K23*L23 -> 1480000 | O23: Vật tư/Thiết bị cơ khí | P23: =M23/2 -> 9990000 | Q23: =1.5*(H23*30/365) -> 0.12328767 | R23: =1.5*H23 -> 1.5 | S23: =ROUND(Q23,2) -> 0.12 | T23: =ROUND(R23,2) -> 1.5 | U23: =S23&" sản phẩm/tháng hoặc " &T23& " sản phẩm/năm " -> 0,12 sản phẩm/tháng hoặc 1,5 sản phẩm/năm | W23: 150 ngày | X23: Đơn giá thấp nhất trong các báo giá | Y23: Baosteel/ Trung Quốc | Z23: 2.44.01.018.SWE.00.000 | AC23: 0 | AD23: 0 | AE23: 1 | AH23: 18500000 | AI23: Baosteel/ Trung Quốc | AJ23: 29450000 | AK23: SABB/ Thụy Điển | AL23: 25000000 | AM23: Quantong Metal/ Trung Quốc | AN23: Thép tấm hardox 500, kích thước: 1000x3000x6mm (ngang x dài x dày) | AO23: Tấm | AP23: 1 | AQ23: 2.44.01.018.SWE.00.000
A24: 23 | B24: TT_S3_TM__02068 | C24: Module Analog in/out, Mác mã: XBF-AH04A, Số kênh ngõ vào/ ra tương tự: 2 kênh (-10-10 VDC, 0-20 mA) | D24: Module Analog In/Out XBF-AH04A LS - Maker: LS - Model: XBF-AH04A - Type: Module Analog In/Out - Analog Input: 2 Kênh (-10-10VDC, 0-20mA) - Analog output: 2 Kênh (-10-10VDC, 0-20mA) | E24: Module Analog in/out, Mác mã: XBF-AH04A, Số kênh ngõ vào/ ra tương tự: 2 kênh (-10-10 VDC, 0-20 mA) | F24: Cái | G24: Cái | H24: 1 | I24: 1 | J24: 8700000 | K24: 0.08 | L24: =H24*J24 -> 8700000 | M24: =L24*(1+K24) -> 9396000 | N24: =K24*L24 -> 696000 | O24: Vật tư/Thiết bị điện | P24: =M24/2 -> 4698000 | Q24: =1.5*(H24*30/365) -> 0.12328767 | R24: =1.5*H24 -> 1.5 | S24: =ROUND(Q24,2) -> 0.12 | T24: =ROUND(R24,2) -> 1.5 | U24: =S24&" sản phẩm/tháng hoặc " &T24& " sản phẩm/năm " -> 0,12 sản phẩm/tháng hoặc 1,5 sản phẩm/năm | W24: 150 ngày | X24: Đơn giá thấp nhất trong các báo giá | Y24: LS/ Hàn Quốc | Z24: 3.82.63.043.KOR.00.000 | AA24: 8700000 | AB24: =VLOOKUP(Z24,'[1]Tra giá ERP'!$A$2:$C$25844,3,0) -> Nhập kho vật tư (QĐ: 375/2025) theo hóa đơn số 23 ngày 31.03.2025 | AC24: 0 | AD24: 0 | AE24: 1 | AG24: Điều chỉnh đơn vị theo ERP | AH24: 11000000 | AI24: LS/ Hàn Quốc | AJ24: 8700000 | AK24: LS/ Hàn Quốc | AL24: 14300000 | AM24: LS/ Hàn Quốc | AN24: Module Analog In/Out XBF-AH04A LS - Maker: LS - Model: XBF-AH04A - Type: Module Analog In/Out - Analog Input: 2 Kênh (-10-10VDC, 0-20mA) - Analog output: 2 Kênh (-10-10VDC, 0-20mA) | AO24: Bộ | AP24: 1 | AQ24: 3.82.63.043.KOR.00.000
A25: 24 | B25: TT_S3_TM__02069 | C25: Phớt chắn dầu /Oil seal, KT: 60x70x7mm | D25: Phớt chắn dầu / Oil seal: - Kích thước: 60x70x7 - Loại: K21 - Vật liệu: NBR - Order code: K21-060/7 - Nhiệt độ hoạt động: 105 oC - Áp suất tối đa: 150 bar - Nhà sản xuất: Kastas | E25: Oil seal, KT: 60x70x7mm | F25: Cái | G25: Cái | H25: 10 | I25: 10 | J25: 2700000 | K25: 0.08 | L25: =H25*J25 -> 27000000 | M25: =L25*(1+K25) -> 29160000 | N25: =K25*L25 -> 2160000 | O25: Vật tư/Thiết bị cơ khí | P25: =M25/2 -> 14580000 | Q25: =1.5*(H25*30/365) -> 1.2328767 | R25: =1.5*H25 -> 15 | S25: =ROUND(Q25,2) -> 1.23 | T25: =ROUND(R25,2) -> 15 | U25: =S25&" sản phẩm/tháng hoặc " &T25& " sản phẩm/năm " -> 1,23 sản phẩm/tháng hoặc 15 sản phẩm/năm | W25: 150 ngày | X25: Đơn giá thấp nhất trong các báo giá | Y25: Katas/ Trung Quốc | Z25: 4.88.65.229.TUR.00.000 | AA25: 313000 | AB25: =VLOOKUP(Z25,'[1]Tra giá ERP'!$A$2:$C$25844,3,0) -> Nhập kho vật tư (HĐ: 34/2025) theo hóa đơn số 00000119 ngày 01.08.2025 | AC25: 0 | AD25: 0 | AE25: 10 | AG25: Chỉnh sửa lại tên ERP theo quy tắc chuẩn hóa | AH25: 4123000 | AI25: Katas/ Đức | AJ25: 2700000 | AK25: Katas/ Trung Quốc | AL25: 3200000 | AM25: NAK/ Đài Loan | AN25: Phớt chắn dầu / Oil seal: - Kích thước: 60x70x7 - Loại: K21 - Vật liệu: NBR - Order code: K21-060/7 - Nhiệt độ hoạt động: 105 oC - Áp suất tối đa: 150 bar - Nhà sản xuất: Kastas | AO25: Cái | AP25: 10 | AQ25: 4.88.65.229.TUR.00.000
A26: 25 | B26: TT_S3_TM__02070 | C26: Phớt piston /Piston seal, KT: 85x100x9mm | D26: Phớt piston / Piston seal - Kích thước: 85x100x9 - Loại: K21 - Vật liệu: NBR - Order code: K21-085/8 - Nhiệt độ hoạt động: 105°C - Áp suất tối đa: 150 bar - Nhà sản xuất: Kastas | E26: Piston seal, KT: 85x100x9mm | F26: Cái | G26: Cái | H26: 10 | I26: 10 | J26: 2500000 | K26: 0.08 | L26: =H26*J26 -> 25000000 | M26: =L26*(1+K26) -> 27000000 | N26: =K26*L26 -> 2000000 | O26: Vật tư/Thiết bị cơ khí | P26: =M26/2 -> 13500000 | Q26: =1.5*(H26*30/365) -> 1.2328767 | R26: =1.5*H26 -> 15 | S26: =ROUND(Q26,2) -> 1.23 | T26: =ROUND(R26,2) -> 15 | U26: =S26&" sản phẩm/tháng hoặc " &T26& " sản phẩm/năm " -> 1,23 sản phẩm/tháng hoặc 15 sản phẩm/năm | W26: 150 ngày | X26: Đơn giá thấp nhất trong các báo giá | Y26: Katas/ Trung Quốc | Z26: 4.88.65.230.TUR.00.000 | AA26: 380000 | AB26: =VLOOKUP(Z26,'[1]Tra giá ERP'!$A$2:$C$25844,3,0) -> Nhập kho vật tư (HĐ: 34/2025) theo hóa đơn số 00000119 ngày 01.08.2025 | AC26: 0 | AD26: 0 | AE26: 10 | AG26: Chỉnh sửa lại tên ERP theo quy tắc chuẩn hóa | AH26: 3120000 | AI26: Katas/ Đức | AJ26: 2500000 | AK26: Katas/ Trung Quốc | AL26: 2980000 | AM26: NAK/ Đài Loan | AN26: Phớt piston / Piston seal - Kích thước: 85x100x9 - Loại: K21 - Vật liệu: NBR - Order code: K21-085/8 - Nhiệt độ hoạt động: 105°C - Áp suất tối đa: 150 bar - Nhà sản xuất: Kastas | AO26: Cái | AP26: 10 | AQ26: 4.88.65.230.TUR.00.000
A27: 26 | B27: TT_S3_TM__02071 | C27: Phớt chắn bụi, KT: 60x70.6x5.3x7, Vật liệu: NBR | D27: Phớt chắn bụi / Wiper seal: - Kích thước: 60x70,6x5,3x7 - Loại: K06 - Vật liệu: NBR - Order code: K06-060 - Nhiệt độ hoạt động: 105°C - Nhà sản xuất: Kastas | E27: Phớt chắn bụi, KT: 60x70.6x5.3x7, Vật liệu: NBR | F27: Cái | G27: Cái | H27: 5 | I27: 5 | J27: 450000 | K27: 0.08 | L27: =H27*J27 -> 2250000 | M27: =L27*(1+K27) -> 2430000 | N27: =K27*L27 -> 180000 | O27: Vật tư/Thiết bị cơ khí | P27: =M27/2 -> 1215000 | Q27: =1.5*(H27*30/365) -> 0.61643836 | R27: =1.5*H27 -> 7.5 | S27: =ROUND(Q27,2) -> 0.62 | T27: =ROUND(R27,2) -> 7.5 | U27: =S27&" sản phẩm/tháng hoặc " &T27& " sản phẩm/năm " -> 0,62 sản phẩm/tháng hoặc 7,5 sản phẩm/năm | W27: 150 ngày | X27: Đơn giá thấp nhất trong các báo giá | Y27: Katas/ Trung Quốc | Z27: 4.88.65.231.TUR.00.000 | AA27: 285000 | AB27: =VLOOKUP(Z27,'[1]Tra giá ERP'!$A$2:$C$25844,3,0) -> Nhập kho vật tư (HĐ: 34/2025) theo hóa đơn số 00000119 ngày 01.08.2025 | AC27: 0 | AD27: 0 | AE27: 5 | AH27: 1700000 | AI27: Katas/ Đức | AJ27: 600000 | AK27: Katas/ Trung Quốc | AL27: 450000 | AM27: Katas/ Trung Quốc | AN27: Phớt chắn bụi / Wiper seal: - Kích thước: 60x70,6x5,3x7 - Loại: K06 - Vật liệu: NBR - Order code: K06-060 - Nhiệt độ hoạt động: 105°C - Nhà sản xuất: Kastas | AO27: Cái | AP27: 5 | AQ27: 4.88.65.231.TUR.00.000
A28: 27 | B28: TT_S3_TM__02072 | C28: Vòng đệm KT: ID60xOD70x2mm; Vật liệu: Teflon | D28: Vòng đệm - Kích thước: ID60 x OD70 x 2 - Vật liệu: Teflon | E28: Vòng đệm KT: ID60xOD70x2mm; Vật liệu: Teflon | F28: Bộ | G28: Cái | H28: 5 | I28: 5 | J28: 1675000 | K28: 0.08 | L28: =H28*J28 -> 8375000 | M28: =L28*(1+K28) -> 9045000 | N28: =K28*L28 -> 670000 | O28: Vật tư/Thiết bị cơ khí | P28: =M28/2 -> 4522500 | Q28: =1.5*(H28*30/365) -> 0.61643836 | R28: =1.5*H28 -> 7.5 | S28: =ROUND(Q28,2) -> 0.62 | T28: =ROUND(R28,2) -> 7.5 | U28: =S28&" sản phẩm/tháng hoặc " &T28& " sản phẩm/năm " -> 0,62 sản phẩm/tháng hoặc 7,5 sản phẩm/năm | W28: 150 ngày | X28: Đơn giá thấp nhất trong các báo giá | Y28: NOK/ Đài Loan | Z28: 4.90.80.060.IND.00.000 | AA28: 100000 | AB28: =VLOOKUP(Z28,'[1]Tra giá ERP'!$A$2:$C$25844,3,0) -> Nhập kho vật tư (HĐ: 16/2022) theo hóa đơn số 0000448 ngày 29.03.2022 | AC28: 0 | AD28: 0 | AE28: 5 | AG28: Chỉnh sửa lại đơn vị tính trong ERP thành cái | AH28: 1899000 | AI28: Katas/ Đức | AJ28: 2034000 | AK28: NOK/ Đài Loan | AL28: 1675000 | AM28: NOK/ Đài Loan | AN28: Vòng đệm - Kích thước: ID60 x OD70 x 2 - Vật liệu: Teflon | AO28: Cái | AP28: 5 | AQ28: 4.90.80.060.IND.00.000
A29: 28 | B29: TT_S3_TM__02097 | C29: Tếch chèn PTFE AWC 1724 | D29: Tếch chèn PTFE AWC 1724 trắng 8mm x 8mm (5/16" x 5/16"), 5lbs/hộp | E29: #N/A | F29: #N/A | G29: Hộp | H29: 0.5 | I29: 0.5 | J29: 3400000 | K29: 0.08 | L29: =H29*J29 -> 1700000 | M29: =L29*(1+K29) -> 1836000 | N29: =K29*L29 -> 136000 | O29: Vật tư/Thiết bị cơ khí | P29: =M29/2 -> 918000 | Q29: =1.5*(H29*30/365) -> 0.061643836 | R29: =1.5*H29 -> 0.75 | S29: =ROUND(Q29,2) -> 0.06 | T29: =ROUND(R29,2) -> 0.75 | U29: =S29&" sản phẩm/tháng hoặc " &T29& " sản phẩm/năm " -> 0,06 sản phẩm/tháng hoặc 0,75 sản phẩm/năm | W29: 150 ngày | X29: Đơn giá thấp nhất trong các báo giá | Y29: Chesterton/ Mỹ | AA29: #N/A | AB29: =VLOOKUP(Z29,'[1]Tra giá ERP'!$A$2:$C$25844,3,0) -> #N/A | AC29: 0 | AD29: 0 | AE29: 0.5 | AH29: 4100000 | AI29: Chesterton/ Mỹ | AJ29: 3650000 | AK29: Chesterton/ Mỹ | AL29: 3400000 | AM29: Chesterton/ Mỹ | AN29: Tếch chèn PTFE AWC 1724 trắng 8mm x 8mm (5/16" x 5/16"), 5lbs/hộp | AO29: hộp | AP29: 0.5
A30: 29 | B30: TT_S3_TM__02207 | C30: Bộ chỉnh áp điều chỉnh khí nén (Air regulator) | D30: Bộ chỉnh áp điều chỉnh khí nén (Air regulator) Model: YT-200BN221 Air Connection: NPT 1/4 Adjust Range: 0 - 8.4 bar Gauges: one Max. Supply: 1.7 Mpa Bao gồm đồng hồ NSX: Rotork YTC | E30: Bộ chỉnh áp điều chỉnh khí nén - Air regulator; Air Connection: NPT 1/4; Adjust Range: 0 - 8.4 bar; Gauges: one; Max.Supply: 1.7Mpa; Model: YT-200BN221 | F30: Cái | G30: Cái | H30: 6 | I30: 6 | J30: 3420000 | K30: 0.08 | L30: =H30*J30 -> 20520000 | M30: =L30*(1+K30) -> 22161600 | N30: =K30*L30 -> 1641600 | O30: Vật tư/Thiết bị cơ khí | P30: =M30/2 -> 11080800 | Q30: =1.5*(H30*30/365) -> 0.73972603 | R30: =1.5*H30 -> 9 | S30: =ROUND(Q30,2) -> 0.74 | T30: =ROUND(R30,2) -> 9 | U30: =S30&" sản phẩm/tháng hoặc " &T30& " sản phẩm/năm " -> 0,74 sản phẩm/tháng hoặc 9 sản phẩm/năm | W30: 150 ngày | X30: Đơn giá thấp nhất trong các báo giá | Y30: Rotork YTC/ Hàn Quốc | Z30: 5.33.70.820.KOR.00.000 | AA30: 2850000 | AB30: =VLOOKUP(Z30,'[1]Tra giá ERP'!$A$2:$C$25844,3,0) -> Nhập kho vật tư (HĐ:130/2021) theo hóa đơn số 0000024,25 ngày 24.05.2022 | AC30: 0 | AD30: 0 | AE30: 6 | AG30: Bổ sung nhà sản xuất Rotork YTC, điều chỉnh đơn vị tính cái theo ERP | AH30: 3420000 | AI30: Rotork YTC/ Hàn Quốc | AJ30: 3500000 | AK30: Rotork YTC/ Hàn Quốc | AL30: 4560000 | AM30: Rotork YTC/ Hàn Quốc | AN30: Bộ điều áp (Air regulator) Model: YT-200BN221 Air Connection: NPT 1/4 Adjust Range: 0 - 8.4 bar Gauges: one Max. Supply: 1.7 Mpa Bao gồm đồng hồ | AO30: Bộ | AP30: 6 | AQ30: 5.33.70.820.KOR.00.000
A31: 30 | B31: TT_S3_TM__02245 | C31: Bộ điều chỉnh khí nén, Mã: LFR-3/4-D-MAXI-A | D31: Bộ điều áp (Regulator) Model: LFR-3/4-D-MAXI-A Order code: 159636; Type: Filter regulator with pressure gauge; Operating pressure: 2 ~ 12 bar; Grade of filtration: 40 µm; Connection: G ¾ inch NSX : Festo | E31: Bộ điều chỉnh khí nén, Mã: LFR-3/4-D-MAXI-A | F31: Bộ | G31: Bộ | H31: 6 | I31: 6 | J31: 21500000 | K31: 0.08 | L31: =H31*J31 -> 129000000 | M31: =L31*(1+K31) -> 139320000 | N31: =K31*L31 -> 10320000 | O31: Vật tư/Thiết bị cơ khí | P31: =M31/2 -> 69660000 | Q31: =1.5*(H31*30/365) -> 0.73972603 | R31: =1.5*H31 -> 9 | S31: =ROUND(Q31,2) -> 0.74 | T31: =ROUND(R31,2) -> 9 | U31: =S31&" sản phẩm/tháng hoặc " &T31& " sản phẩm/năm " -> 0,74 sản phẩm/tháng hoặc 9 sản phẩm/năm | W31: 150 ngày | X31: Đơn giá thấp nhất trong các báo giá | Y31: Rotork YTC/ Hàn Quốc | Z31: 5.33.70.911.HUN.99.000 | AC31: 0 | AD31: 0 | AE31: 6 | AG31: Bổ sung nhà sản xuất Festo | AH31: 21500000 | AI31: Rotork YTC/ Hàn Quốc | AJ31: 33400000 | AK31: Rotork YTC/ Hàn Quốc | AL31: 25000000 | AM31: Rotork YTC/ Hàn Quốc | AN31: Bộ điều áp (Regulator) Model: LFR-3/4-D-MAXI-A Order code: 159636; Type: Filter regulator with pressure gauge; Operating pressure: 2 ~ 12 bar; Grade of filtration: 40 µm; Connection: G ¾ inch | AO31: Bộ | AP31: 6 | AQ31: 5.33.70.911.HUN.99.000
A32: 31 | B32: TT_S3_TM__02294 | C32: Van giảm âm hệ thống khí nén chống tắt than Silo | D32: Van giảm âm hệ thống khí nén chống tắt than Silo '- Mã: AMTE-M-H-G12, Part number: 1206625, áp suất: 0-10bar, Đầu kết nối: G1/2, Vật liệu: Bronze. - NSX: Festo | E32: Van giảm âm hệ thống khí nén chống tắt than Silo-Pneumatic Silencer, Model: AMTE-M-H-G12, Part number: 1206625, Pressure: 0-10bar, Thread connection: G1/2, Material: Bronze | F32: Cái | G32: Cái | H32: 12 | I32: 12 | J32: 882000 | K32: 0.08 | L32: =H32*J32 -> 10584000 | M32: =L32*(1+K32) -> 11430720 | N32: =K32*L32 -> 846720 | O32: Vật tư/Thiết bị cơ khí | P32: =M32/2 -> 5715360 | Q32: =1.5*(H32*30/365) -> 1.4794521 | R32: =1.5*H32 -> 18 | S32: =ROUND(Q32,2) -> 1.48 | T32: =ROUND(R32,2) -> 18 | U32: =S32&" sản phẩm/tháng hoặc " &T32& " sản phẩm/năm " -> 1,48 sản phẩm/tháng hoặc 18 sản phẩm/năm | W32: 150 ngày | X32: Đơn giá thấp nhất trong các báo giá | Y32: Festo/ Trung Quốc | Z32: 5.19.90.012.GER.00.000 | AA32: 735000 | AB32: =VLOOKUP(Z32,'[1]Tra giá ERP'!$A$2:$C$25844,3,0) -> Nhập kho vật tư (HĐ:222) theo hóa đơn số 0000274 ngày 24.02.2021 | AC32: 0 | AD32: 0 | AE32: 12 | AG32: Điều chỉnh tên, TSKT theo ERP | AH32: 1200000 | AI32: Festo/ Trung Quốc | AJ32: 910000 | AK32: Festo/ Trung Quốc | AL32: 882000 | AM32: Festo/ Trung Quốc | AN32: Bộ giảm thanh khí nén/Pneumatic Silencer: - Model: AMTE-M-H-G12 - Part number: 1206625 - Pressure: 0-10bar - Thread connection: G ½ - Material: Bronze - Maker: Festo | AO32: Cái | AP32: 12 | AQ32: 5.19.90.012.GER.00.000
A33: 32 | B33: TT_S3_TM__02430 | C33: Cao su tấm không bố | D33: Cao su tấm không bố, dày 10mm, kích thước 800x1000mm | E33: #N/A | F33: #N/A | G33: Tấm | H33: 1 | I33: 1 | J33: 6700000 | K33: 0.08 | L33: =H33*J33 -> 6700000 | M33: =L33*(1+K33) -> 7236000 | N33: =K33*L33 -> 536000 | O33: Vật tư/Thiết bị cơ khí | P33: =M33/2 -> 3618000 | Q33: =1.5*(H33*30/365) -> 0.12328767 | R33: =1.5*H33 -> 1.5 | S33: =ROUND(Q33,2) -> 0.12 | T33: =ROUND(R33,2) -> 1.5 | U33: =S33&" sản phẩm/tháng hoặc " &T33& " sản phẩm/năm " -> 0,12 sản phẩm/tháng hoặc 1,5 sản phẩm/năm | W33: 150 ngày | X33: Đơn giá thấp nhất trong các báo giá | Y33: Tâm Thiên Phú/ Việt Nam | AA33: #N/A | AB33: =VLOOKUP(Z33,'[1]Tra giá ERP'!$A$2:$C$25844,3,0) -> #N/A | AC33: 0 | AD33: 0 | AE33: 1 | AH33: 7450000 | AI33: Khánh Đạt/ Việt Nam | AJ33: 8000000 | AK33: Cao su A&T/ Việt Nam | AL33: 6700000 | AM33: Tâm Thiên Phú/ Việt Nam | AN33: Cao su tấm không bố, dày 10mm, kích thước 800x1000mm | AO33: Tấm | AP33: 1
A34: 33 | B34: TT_S3_TM__02478 | C34: Bạc đạn | D34: Bạc đạn 6205-2Z/C3 Đường kính trong (d): 25 mm Đường kính ngoài (D): 52 mm Độ dày (B): 15 mm | E34: Bạc đạn 6205-2Z/C3 | F34: Vòng | G34: Vòng | H34: 5 | I34: 5 | J34: 820000 | K34: 0.08 | L34: =H34*J34 -> 4100000 | M34: =L34*(1+K34) -> 4428000 | N34: =K34*L34 -> 328000 | O34: Vật tư/Thiết bị cơ khí | P34: =M34/2 -> 2214000 | Q34: =1.5*(H34*30/365) -> 0.61643836 | R34: =1.5*H34 -> 7.5 | S34: =ROUND(Q34,2) -> 0.62 | T34: =ROUND(R34,2) -> 7.5 | U34: =S34&" sản phẩm/tháng hoặc " &T34& " sản phẩm/năm " -> 0,62 sản phẩm/tháng hoặc 7,5 sản phẩm/năm | W34: 150 ngày | X34: Đơn giá thấp nhất trong các báo giá | Y34: SKF/ Đức | Z34: 5.01.34.206.FRA.00.000 | AA34: 122000 | AB34: =VLOOKUP(Z34,'[1]Tra giá ERP'!$A$2:$C$25844,3,0) -> Nhập kho Bạc đạn (HĐ:223) theo hóa đơn số 0000792 ngày 31.12.2020 ngày 23.12.2020 (phiếu sai) | AC34: 0 | AD34: 0 | AE34: 5 | AG34: Điều chỉnh tên, TSKT theo ERP | AH34: 955000 | AI34: SKF/ Pháp | AJ34: 1100000 | AK34: SKF/ Malaysia | AL34: 820000 | AM34: SKF/ Đức | AN34: vòng bi 6205-2Z/C3 | AO34: Cái | AP34: 5 | AQ34: 5.01.34.206.FRA.00.000
A35: 34 | B35: TT_S3_TM__02479 | C35: Phớt chắn bụi V-ring VA-30 | D35: Thông số kỹ thuật: V-ring VA-30, d=27, A=4.7, B=7.5mm Loại phớt: V-ring | E35: Phớt chắn bụi V-ring VA-30, d=27, A=4.7, B=7.5mm | F35: Cái | G35: Cái | H35: 5 | I35: 5 | J35: 560000 | K35: 0.08 | L35: =H35*J35 -> 2800000 | M35: =L35*(1+K35) -> 3024000 | N35: =K35*L35 -> 224000 | O35: Vật tư/Thiết bị cơ khí | P35: =M35/2 -> 1512000 | Q35: =1.5*(H35*30/365) -> 0.61643836 | R35: =1.5*H35 -> 7.5 | S35: =ROUND(Q35,2) -> 0.62 | T35: =ROUND(R35,2) -> 7.5 | U35: =S35&" sản phẩm/tháng hoặc " &T35& " sản phẩm/năm " -> 0,62 sản phẩm/tháng hoặc 7,5 sản phẩm/năm | W35: 150 ngày | X35: Đơn giá thấp nhất trong các báo giá | Y35: SKF/ Pháp | Z35: 4.88.65.141.TPE.00.000 | AA35: 30000 | AB35: =VLOOKUP(Z35,'[1]Tra giá ERP'!$A$2:$C$25844,3,0) -> Nhập kho vật tư (HĐ:62/2023) theo hóa đơn số 00000084 ngày 17.08.2023 | AC35: 0 | AD35: 0 | AE35: 5 | AG35: Điều chỉnh tên, TSKT theo ERP | AH35: 982000 | AI35: SKF/ Trung Quốc | AJ35: 780000 | AK35: SKF/ Malaysia | AL35: 560000 | AM35: SKF/ Pháp | AN35: Phớt chắn bụi VA-030 | AO35: Cái | AP35: 5 | AQ35: 4.88.65.141.TPE.00.000
A36: 35 | B36: TT_S3_TM__02480 | C36: Phớt chắn bụi V-ring VA-25 | D36: Phớt chắn bụi VA-25 Loại phớt: V-ring | E36: Phớt chắn bụi V-ring VA-25 | F36: Cái | G36: Cái | H36: 5 | I36: 5 | J36: 470000 | K36: 0.08 | L36: =H36*J36 -> 2350000 | M36: =L36*(1+K36) -> 2538000 | N36: =K36*L36 -> 188000 | O36: Vật tư/Thiết bị cơ khí | P36: =M36/2 -> 1269000 | Q36: =1.5*(H36*30/365) -> 0.61643836 | R36: =1.5*H36 -> 7.5 | S36: =ROUND(Q36,2) -> 0.62 | T36: =ROUND(R36,2) -> 7.5 | U36: =S36&" sản phẩm/tháng hoặc " &T36& " sản phẩm/năm " -> 0,62 sản phẩm/tháng hoặc 7,5 sản phẩm/năm | W36: 150 ngày | X36: Đơn giá thấp nhất trong các báo giá | Y36: SKF/ Thụy Sĩ | Z36: 4.88.65.145.TPE.00.000 | AA36: 90000 | AB36: =VLOOKUP(Z36,'[1]Tra giá ERP'!$A$2:$C$25844,3,0) -> Nhập kho vật tư (HĐ:128/2022) theo hóa đơn số 938, 939 ngày 14.12.2022 | AC36: 0 | AD36: 0 | AE36: 5 | AG36: Điều chỉnh tên, TSKT theo ERP | AH36: 498000 | AI36: SKF/ Thái Lan | AJ36: 550000 | AK36: SKF/ Malaysia | AL36: 470000 | AM36: SKF/ Thụy Sĩ | AN36: Phớt chắn bụi VA-025 | AO36: Cái | AP36: 5 | AQ36: 4.88.65.145.TPE.00.000
A37: 36 | B37: TT_S3_TM__02514 | C37: Bạc đạn | D37: Bạc đạn 6204-2Z/C3 Đường kính trong (d): 20 mm Đường kính ngoài (D): 47 mm Độ dày (B): 14 mm | E37: Bạc đạn 6204-2Z/C3 | F37: Vòng | G37: Vòng | H37: 4 | I37: 4 | J37: 730000 | K37: 0.08 | L37: =H37*J37 -> 2920000 | M37: =L37*(1+K37) -> 3153600 | N37: =K37*L37 -> 233600 | O37: Vật tư/Thiết bị cơ khí | P37: =M37/2 -> 1576800 | Q37: =1.5*(H37*30/365) -> 0.49315068 | R37: =1.5*H37 -> 6 | S37: =ROUND(Q37,2) -> 0.49 | T37: =ROUND(R37,2) -> 6 | U37: =S37&" sản phẩm/tháng hoặc " &T37& " sản phẩm/năm " -> 0,49 sản phẩm/tháng hoặc 6 sản phẩm/năm | W37: 150 ngày | X37: Đơn giá thấp nhất trong các báo giá | Y37: SKF/ Trung Quốc | Z37: 5.01.34.241.FRA.00.000 | AA37: 111000 | AB37: =VLOOKUP(Z37,'[1]Tra giá ERP'!$A$2:$C$25844,3,0) -> Nhập kho Bạc đạn (HĐ:223) theo hóa đơn số 0000792 ngày 31.12.2020 ngày 23.12.2020 (phiếu sai) | AC37: 2 | AD37: 2 | AE37: 6 | AF37: 5.01.34.241.FRA.00.000 | AG37: Cách ly 03 vòng | AH37: 870000 | AI37: SKF/ Mỹ | AJ37: 983000 | AK37: SKF/ Malaysia | AL37: 730000 | AM37: SKF/ Trung Quốc | AN37: Vòng bi 6204 ZZ/C3 | AO37: Cái | AP37: 6 | AQ37: 5.01.34.241.FRA.00.000
A38: 37 | B38: TT_S3_TM__02515 | C38: Bạc đạn | D38: Bạc đạn 6203-2Z/C3 Đường kính trong (d): 17 mm Đường kính ngoài (D): 40 mm Độ dày (B): 12 mm | E38: Bạc đạn 6203-2Z/C3 | F38: Cái | G38: Cái | H38: 6 | I38: 6 | J38: 690000 | K38: 0.08 | L38: =H38*J38 -> 4140000 | M38: =L38*(1+K38) -> 4471200 | N38: =K38*L38 -> 331200 | O38: Vật tư/Thiết bị cơ khí | P38: =M38/2 -> 2235600 | Q38: =1.5*(H38*30/365) -> 0.73972603 | R38: =1.5*H38 -> 9 | S38: =ROUND(Q38,2) -> 0.74 | T38: =ROUND(R38,2) -> 9 | U38: =S38&" sản phẩm/tháng hoặc " &T38& " sản phẩm/năm " -> 0,74 sản phẩm/tháng hoặc 9 sản phẩm/năm | W38: 150 ngày | X38: Đơn giá thấp nhất trong các báo giá | Y38: SKF/ Trung Quốc | Z38: 5.01.34.203.ITA.00.000 | AA38: 92100 | AB38: =VLOOKUP(Z38,'[1]Tra giá ERP'!$A$2:$C$25844,3,0) -> Nhập kho Vật tư (QĐ:667) theo hóa đơn số 0000411 ngày 23.06.2020 | AC38: 0 | AD38: 0 | AE38: 6 | AG38: Điều chỉnh tên, TSKT theo ERP | AH38: 715000 | AI38: SKF/ Trung Quốc | AJ38: 890000 | AK38: SKF/ Malaysia | AL38: 690000 | AM38: SKF/ Trung Quốc | AN38: Vòng bi 6203 ZZ/C3 | AO38: Cái | AP38: 6 | AQ38: 5.01.34.203.ITA.00.000
A39: 38 | B39: TT_S3_TM__02516 | C39: Phớt chắn bụi V-20A | D39: Phớt chắn bụi V-20A Loại phớt: V-ring | E39: Phớt chắn bụi V-20A | F39: Cái | G39: Cái | H39: 6 | I39: 6 | J39: 155000 | K39: 0.08 | L39: =H39*J39 -> 930000 | M39: =L39*(1+K39) -> 1004400 | N39: =K39*L39 -> 74400 | O39: Vật tư/Thiết bị cơ khí | P39: =M39/2 -> 502200 | Q39: =1.5*(H39*30/365) -> 0.73972603 | R39: =1.5*H39 -> 9 | S39: =ROUND(Q39,2) -> 0.74 | T39: =ROUND(R39,2) -> 9 | U39: =S39&" sản phẩm/tháng hoặc " &T39& " sản phẩm/năm " -> 0,74 sản phẩm/tháng hoặc 9 sản phẩm/năm | W39: 150 ngày | X39: Đơn giá thấp nhất trong các báo giá | Y39: SKF/ Ý | Z39: 4.88.65.262.TPE.00.000 | AA39: 30000 | AB39: =VLOOKUP(Z39,'[1]Tra giá ERP'!$A$2:$C$25844,3,0) -> Nhập kho vật tư (HĐ:128/2022) theo hóa đơn số 938, 939 ngày 14.12.2022 | AC39: 0 | AD39: 0 | AE39: 6 | AG39: Điều chỉnh tên, TSKT theo ERP | AH39: 250000 | AI39: SKF/ Trung Quốc | AJ39: 220000 | AK39: SKF/ Ý | AL39: 155000 | AM39: SKF/ Ý | AN39: Phớt chắn bụi VA-020 | AO39: Cái | AP39: 6 | AQ39: 4.88.65.262.TPE.00.000
A40: 39 | B40: TT_S3_TM__02517 | C40: Phớt chắn bụi VA-015 | D40: Phớt chắn bụi VA-015 Loại phớt: V-ring | E40: #N/A | F40: #N/A | G40: Cái | H40: 6 | I40: 6 | J40: 750000 | K40: 0.08 | L40: =H40*J40 -> 4500000 | M40: =L40*(1+K40) -> 4860000 | N40: =K40*L40 -> 360000 | O40: Vật tư/Thiết bị cơ khí | P40: =M40/2 -> 2430000 | Q40: =1.5*(H40*30/365) -> 0.73972603 | R40: =1.5*H40 -> 9 | S40: =ROUND(Q40,2) -> 0.74 | T40: =ROUND(R40,2) -> 9 | U40: =S40&" sản phẩm/tháng hoặc " &T40& " sản phẩm/năm " -> 0,74 sản phẩm/tháng hoặc 9 sản phẩm/năm | W40: 150 ngày | X40: Đơn giá thấp nhất trong các báo giá | Y40: SKF/ Đức | Z40: Chưa có mã VT | AA40: #N/A | AB40: =VLOOKUP(Z40,'[1]Tra giá ERP'!$A$2:$C$25844,3,0) -> #N/A | AC40: 0 | AD40: 0 | AE40: 6 | AH40: 965000 | AI40: SKF/ Trung Quốc | AJ40: 1200000 | AK40: SKF/ Pháp | AL40: 750000 | AM40: SKF/ Đức | AN40: Phớt chắn bụi VA-015 | AO40: Cái | AP40: 6 | AQ40: Chưa có mã VT
A41: 40 | B41: TT_S3_TM__02728 | C41: Bu lông thép đen M16x60mm | D41: Bu lông thép đen M16x60mm + đai ốc + Lông đền thẳng + Lông đền vuông | E41: Bu lông thép đen M16x60mm + đai ốc + Lông đền thẳng + Lông đền vuông | F41: Bộ | G41: Bộ | H41: 216 | I41: 216 | J41: 47000 | K41: 0.08 | L41: =H41*J41 -> 10152000 | M41: =L41*(1+K41) -> 10964160 | N41: =K41*L41 -> 812160 | O41: Vật tư/Thiết bị cơ khí | P41: =M41/2 -> 5482080 | Q41: =1.5*(H41*30/365) -> 26.630137 | R41: =1.5*H41 -> 324 | S41: =ROUND(Q41,2) -> 26.63 | T41: =ROUND(R41,2) -> 324 | U41: =S41&" sản phẩm/tháng hoặc " &T41& " sản phẩm/năm " -> 26,63 sản phẩm/tháng hoặc 324 sản phẩm/năm | W41: 150 ngày | X41: Đơn giá thấp nhất trong các báo giá | Y41: An Phong/ Việt Nam | Z41: 4.35.16.063.VIE.98.000 | AA41: 47000 | AB41: =VLOOKUP(Z41,'[1]Tra giá ERP'!$A$2:$C$25844,3,0) -> Nhập kho vật tư (HĐ: 32/2025) theo hóa đơn số 00000071 ngày 31.05.2025 | AC41: 0 | AD41: 0 | AE41: 216 | AG41: Điều chỉnh tên, TSKT theo ERP | AH41: 79300 | AI41: Mecsu/ Việt Nam | AJ41: 98000 | AK41: Đạt Tâm/ Việt Nam | AL41: 47000 | AM41: An Phong/ Việt Nam | AN41: Bu lông thép đen M16x60mm gồm đai ốc+Lông đền thẳng) | AO41: Bộ | AP41: 216 | AQ41: 4.35.16.063.VIE.98.000
A42: 41 | B42: TT_S3_TM__02788 | C42: Cover Plate (thanh L chắn than 2 bên con lăn) Iterm NO: 4-8 | D42: Cover Plate (thanh L chắn than 2 bên con lăn) Iterm NO: 4-8 DWG No: 006705-01-4 Material: A36 or SS400 Specification: L90x90x7t-470L | E42: #N/A | F42: #N/A | G42: Cái | H42: 6 | I42: 6 | J42: 3200000 | K42: 0.08 | L42: =H42*J42 -> 19200000 | M42: =L42*(1+K42) -> 20736000 | N42: =K42*L42 -> 1536000 | O42: Vật tư/Thiết bị cơ khí | P42: =M42/2 -> 10368000 | Q42: =1.5*(H42*30/365) -> 0.73972603 | R42: =1.5*H42 -> 9 | S42: =ROUND(Q42,2) -> 0.74 | T42: =ROUND(R42,2) -> 9 | U42: =S42&" sản phẩm/tháng hoặc " &T42& " sản phẩm/năm " -> 0,74 sản phẩm/tháng hoặc 9 sản phẩm/năm | W42: 150 ngày | X42: Đơn giá thấp nhất trong các báo giá | Y42: Loesche/ Trung Quốc | Z42: Chưa có mã VT | AA42: #N/A | AB42: =VLOOKUP(Z42,'[1]Tra giá ERP'!$A$2:$C$25844,3,0) -> #N/A | AC42: 0 | AD42: 0 | AE42: 6 | AG42: Tài liệu đính kèm | AH42: 3600000 | AI42: Loesche/ Trung Quốc | AJ42: 3980000 | AK42: Loesche/ Đức | AL42: 3200000 | AM42: Loesche/ Trung Quốc | AN42: Cover Plate (thanh L chắn than 2 bên con lăn) Iterm NO: 4-8 DWG No: 006705-01-4 Material: A36 or SS400 Specification: L90x90x7t-470L | AO42: Cái | AP42: 6 | AQ42: Chưa có mã VT
A43: 42 | B43: TT_S3_TM__02789 | C43: Cover Plate (thanh L chắn than 2 bên con lăn) Iterm NO: 4-9 | D43: Cover Plate (thanh L chắn than 2 bên con lăn) Iterm NO: 4-9 DWG No: 006703-01-4 Material: A36 or SS400 Specification: L90x90x7t-470L | E43: #N/A | F43: #N/A | G43: Cái | H43: 6 | I43: 6 | J43: 3200000 | K43: 0.08 | L43: =H43*J43 -> 19200000 | M43: =L43*(1+K43) -> 20736000 | N43: =K43*L43 -> 1536000 | O43: Vật tư/Thiết bị cơ khí | P43: =M43/2 -> 10368000 | Q43: =1.5*(H43*30/365) -> 0.73972603 | R43: =1.5*H43 -> 9 | S43: =ROUND(Q43,2) -> 0.74 | T43: =ROUND(R43,2) -> 9 | U43: =S43&" sản phẩm/tháng hoặc " &T43& " sản phẩm/năm " -> 0,74 sản phẩm/tháng hoặc 9 sản phẩm/năm | W43: 150 ngày | X43: Đơn giá thấp nhất trong các báo giá | Y43: Loesche/ Trung Quốc | Z43: Chưa có mã VT | AA43: #N/A | AB43: =VLOOKUP(Z43,'[1]Tra giá ERP'!$A$2:$C$25844,3,0) -> #N/A | AC43: 0 | AD43: 0 | AE43: 6 | AG43: Tài liệu đính kèm | AH43: 4200000 | AI43: Loesche/ Trung Quốc | AJ43: 3500000 | AK43: Loesche/ Đức | AL43: 3200000 | AM43: Loesche/ Trung Quốc | AN43: Cover Plate (thanh L chắn than 2 bên con lăn) Iterm NO: 4-9 DWG No: 006703-01-4 Material: A36 or SS400 Specification: L90x90x7t-470L | AO43: Cái | AP43: 6 | AQ43: Chưa có mã VT
A44: 43 | B44: TT_S3_TM__02790 | C44: Cover Plate (thanh L chắn than 2 bên con lăn) Iterm NO: 4-10 | D44: Cover Plate (thanh L chắn than 2 bên con lăn) Iterm NO: 4-10 DWG No: 006704-01-4 Material: A36 or SS400 Specification: L90x90x7t-432L | E44: #N/A | F44: #N/A | G44: Cái | H44: 6 | I44: 6 | J44: 3100000 | K44: 0.08 | L44: =H44*J44 -> 18600000 | M44: =L44*(1+K44) -> 20088000 | N44: =K44*L44 -> 1488000 | O44: Vật tư/Thiết bị cơ khí | P44: =M44/2 -> 10044000 | Q44: =1.5*(H44*30/365) -> 0.73972603 | R44: =1.5*H44 -> 9 | S44: =ROUND(Q44,2) -> 0.74 | T44: =ROUND(R44,2) -> 9 | U44: =S44&" sản phẩm/tháng hoặc " &T44& " sản phẩm/năm " -> 0,74 sản phẩm/tháng hoặc 9 sản phẩm/năm | W44: 150 ngày | X44: Đơn giá thấp nhất trong các báo giá | Y44: Loesche/ Trung Quốc | Z44: Chưa có mã VT | AA44: #N/A | AB44: =VLOOKUP(Z44,'[1]Tra giá ERP'!$A$2:$C$25844,3,0) -> #N/A | AC44: 0 | AD44: 0 | AE44: 6 | AG44: Tài liệu đính kèm | AH44: 3420000 | AI44: Loesche/ Trung Quốc | AJ44: 4100000 | AK44: Loesche/ Đức | AL44: 3100000 | AM44: Loesche/ Trung Quốc | AN44: Cover Plate (thanh L chắn than 2 bên con lăn) Iterm NO: 4-10 DWG No: 006704-01-4 Material: A36 or SS400 Specification: L90x90x7t-432L | AO44: Cái | AP44: 6 | AQ44: Chưa có mã VT
A45: 44 | B45: TT_S3_TM__02791 | C45: Cover Plate (thanh L chắn than 2 bên con lăn) Iterm NO: 4-11 | D45: Cover Plate (thanh L chắn than 2 bên con lăn) Iterm NO: 4-11 DWG No: 006706-01-4 Material: A36 or SS400 Specification: L90x90x7t-432L | E45: #N/A | F45: #N/A | G45: Cái | H45: 6 | I45: 6 | J45: 3100000 | K45: 0.08 | L45: =H45*J45 -> 18600000 | M45: =L45*(1+K45) -> 20088000 | N45: =K45*L45 -> 1488000 | O45: Vật tư/Thiết bị cơ khí | P45: =M45/2 -> 10044000 | Q45: =1.5*(H45*30/365) -> 0.73972603 | R45: =1.5*H45 -> 9 | S45: =ROUND(Q45,2) -> 0.74 | T45: =ROUND(R45,2) -> 9 | U45: =S45&" sản phẩm/tháng hoặc " &T45& " sản phẩm/năm " -> 0,74 sản phẩm/tháng hoặc 9 sản phẩm/năm | W45: 150 ngày | X45: Đơn giá thấp nhất trong các báo giá | Y45: Loesche/ Trung Quốc | Z45: Chưa có mã VT | AA45: #N/A | AB45: =VLOOKUP(Z45,'[1]Tra giá ERP'!$A$2:$C$25844,3,0) -> #N/A | AC45: 0 | AD45: 0 | AE45: 6 | AG45: Tài liệu đính kèm | AH45: 6045000 | AI45: Loesche/ Trung Quốc | AJ45: 4502000 | AK45: Loesche/ Đức | AL45: 3100000 | AM45: Loesche/ Trung Quốc | AN45: Cover Plate (thanh L chắn than 2 bên con lăn) Iterm NO: 4-11 DWG No: 006706-01-4 Material: A36 or SS400 Specification: L90x90x7t-432L | AO45: Cái | AP45: 6 | AQ45: Chưa có mã VT
A46: 45 | B46: TT_S3_TM__03313 | C46: Vật liệu phân tán nước (Random packing) | D46: Vật liệu phân tán nước (Random packing) Vị trí: Item.04 (bản vẽ đính kèm: VT4E-YK10-P3HTD-740006 Vật liệu: Polymer Polypropylene Nhà cung cấp: Biobe | E46: #N/A | F46: #N/A | G46: m3 | H46: 765 | I46: 765 | J46: 14980000 | K46: 0.08 | L46: =H46*J46 -> 11459700000 | M46: =L46*(1+K46) -> 12376476000 | N46: =K46*L46 -> 916776000 | O46: Vật tư/Thiết bị cơ khí | P46: =M46/2 -> 6188238000 | Q46: =1.5*(H46*30/365) -> 94.315068 | R46: =1.5*H46 -> 1147.5 | S46: =ROUND(Q46,2) -> 94.32 | T46: =ROUND(R46,2) -> 1147.5 | U46: =S46&" sản phẩm/tháng hoặc " &T46& " sản phẩm/năm " -> 94,32 sản phẩm/tháng hoặc 1147,5 sản phẩm/năm | V46: CO, CQ | W46: 150 ngày | X46: Đơn giá thấp nhất trong các báo giá | Y46: Biobe/ Đức | Z46: chưa mua sắm | AA46: #N/A | AB46: =VLOOKUP(Z46,'[1]Tra giá ERP'!$A$2:$C$25844,3,0) -> #N/A | AC46: 0 | AD46: 0 | AE46: 765 | AG46: Bản vẽ đính kèm, điều chỉnh tên vật liệu | AH46: 14980000 | AI46: Biobe/ Đức | AJ46: 17300000 | AK46: Biobe/ Mỹ | AL46: 15000000 | AM46: Biobe/ Pháp | AN46: Vật liệu phân tán nước (Random packing) Vị trí: Item.04 (bản vẽ đính kèm: VT4E-YK10-P3HTD-740006 Vật liệu: Polyprop | AO46: m3 | AP46: 765 | AQ46: chưa mua sắm
A47: 46 | B47: TT_S3_TM__03381 | C47: Bộ chèn răng lược No.6 vật liệu: PPS+ SUS304 sử dụng cho gối DE quạt sục khí | D47: Bộ chèn răng lược gối DE sử dụng cho quạt sục khí Vị trí của bộ chèn: No.6 (bản vẽ đính kèm: VT4E-04-F-L0047632ME-DD-013) Thành phần của bộ chèn: - Sealing: 1 Cái (Vật liệu: PPS; Size HR 11) - Garter spring: 2 Cái (Vật liệu: SUS 304; Size: HR 11) Nhà sản xuất: Howden | E47: Bộ chèn dầu gối DE gồm 2 garter spring và 2 sealing, dw: V4E-04-F-L0047632ME-DD-013 (no.6 và no.7) | F47: Bộ | G47: Bộ | H47: 1 | I47: 1 | J47: 5.8853716e+08 | K47: 0.1 | L47: =H47*J47 -> 5.8853716e+08 | M47: =L47*(1+K47) -> 6.4739088e+08 | N47: =K47*L47 -> 58853716 | O47: Vật tư/Thiết bị cơ khí | P47: =M47/2 -> 3.2369544e+08 | Q47: =1.5*(H47*30/365) -> 0.12328767 | R47: =1.5*H47 -> 1.5 | S47: =ROUND(Q47,2) -> 0.12 | T47: =ROUND(R47,2) -> 1.5 | U47: =S47&" sản phẩm/tháng hoặc " &T47& " sản phẩm/năm " -> 0,12 sản phẩm/tháng hoặc 1,5 sản phẩm/năm | V47: CO, CQ | W47: 150 ngày | X47: Đơn giá thấp nhất trong các báo giá | Y47: Howden/ Trung Quốc | Z47: 5.04.02.203.CHN.00.000 | AA47: 490447636 | AB47: =VLOOKUP(Z47,'[1]Tra giá ERP'!$A$2:$C$25844,3,0) -> Nhập kho vật tư (HĐ:73/2023) theo hóa đơn số 196 ngày 19.10.2023 | AC47: 0 | AD47: 0 | AE47: 1 | AG47: Điều chỉnh tên, TSKT theo ERP | AH47: 5.8853716e+08 | AI47: Howden/ Trung Quốc | AJ47: 650000000 | AK47: Howden/ Trung Quốc | AL47: 693000000 | AM47: Howden/ Trung Quốc | AN47: Bộ chèn răng lược gối DE sử dụng cho quạt sục khí Vị trí của bộ chèn: No.6 (bản vẽ đính kèm: VT4E-04-F-L0047632ME-DD-013) Thành phần của bộ chèn: - Sealing: 1 Cái (Vật liệu: PPS; Size HR 11) - Garter spring: 2 Cái (Vật liệu: SUS 304; Size: HR 11) Nhà sản xuất: Howden | AO47: Bộ | AP47: 1 | AQ47: 5.04.02.203.CHN.00.000
A48: 47 | B48: TT_S3_TM__03382 | C48: Bộ chèn răng lược No.7 vật liệu: PPS+ SUS304 sử dụng cho gối DE quạt sục khí | D48: Bộ chèn răng lược gối DE sử dụng cho quạt sục khí Vị trí của bộ chèn: No.7 (bản vẽ đính kèm: VT4E-04-F-L0047632ME-DD-013) Thành phần của bộ chèn: - Sealing: 1 Cái (Vật liệu: PPS; Size HR 11) - Garter spring: 2 Cái (Vật liệu: SUS 304; Size: HR 11) Nhà sản xuất: Howden | E48: Bộ chèn dầu gối DE gồm 2 garter spring và 2 sealing, dw: V4E-04-F-L0047632ME-DD-013 (no.6 và no.7) | F48: Bộ | G48: Bộ | H48: 1 | I48: 1 | J48: 93600000 | K48: 0.1 | L48: =H48*J48 -> 93600000 | M48: =L48*(1+K48) -> 1.0296e+08 | N48: =K48*L48 -> 9360000 | O48: Vật tư/Thiết bị cơ khí | P48: =M48/2 -> 51480000 | Q48: =1.5*(H48*30/365) -> 0.12328767 | R48: =1.5*H48 -> 1.5 | S48: =ROUND(Q48,2) -> 0.12 | T48: =ROUND(R48,2) -> 1.5 | U48: =S48&" sản phẩm/tháng hoặc " &T48& " sản phẩm/năm " -> 0,12 sản phẩm/tháng hoặc 1,5 sản phẩm/năm | V48: CO, CQ | W48: 150 ngày | X48: Đơn giá thấp nhất trong các báo giá | Y48: Howden/ Trung Quốc | Z48: 5.04.02.203.CHN.00.000 | AA48: 490447636 | AB48: =VLOOKUP(Z48,'[1]Tra giá ERP'!$A$2:$C$25844,3,0) -> Nhập kho vật tư (HĐ:73/2023) theo hóa đơn số 196 ngày 19.10.2023 | AC48: 0 | AD48: 0 | AE48: 1 | AG48: Điều chỉnh tên, TSKT theo ERP | AH48: 93600000 | AI48: Howden/ Trung Quốc | AJ48: 99000000 | AK48: Howden/ Trung Quốc | AL48: 131600000 | AM48: Howden/ Trung Quốc | AN48: Bộ chèn răng lược gối DE sử dụng cho quạt sục khí Vị trí của bộ chèn: No.7 (bản vẽ đính kèm: VT4E-04-F-L0047632ME-DD-013) Thành phần của bộ chèn: - Sealing: 1 Cái (Vật liệu: PPS; Size HR 11) - Garter spring: 2 Cái (Vật liệu: SUS 304; Size: HR 11) Nhà sản xuất: Howden | AO48: Bộ | AP48: 1 | AQ48: 5.04.02.203.CHN.00.000
A49: 48 | B49: TT_S3_TM__03383 | C49: Bộ chèn răng lược No.6 vật liệu: PPS+ SUS304 sử dụng cho gối NDE quạt sục khí | D49: Bộ chèn răng lược gối NDE sử dụng cho quạt sục khí Vị trí của bộ chèn: No.6 (bản vẽ đính kèm: VT4E-04-F-L0047632ME-DD-014) Thành phần của bộ chèn: - Sealing: 1 Cái (Vật liệu: PPS; Size HR 11) - Garter spring: 2 Cái (Vật liệu: SUS 304; Size: HR 11) Nhà sản xuất: Howden | E49: Bộ chèn dầu gối NDE gồm 1 garter spring và 1 sealing, dw: V4E-04-F-L0047632ME-DD-014 (no.6) | F49: Bộ | G49: Bộ | H49: 1 | I49: 1 | J49: 5.6498531e+08 | K49: 0.1 | L49: =H49*J49 -> 5.6498531e+08 | M49: =L49*(1+K49) -> 6.2148384e+08 | N49: =K49*L49 -> 56498531 | O49: Vật tư/Thiết bị cơ khí | P49: =M49/2 -> 3.1074192e+08 | Q49: =1.5*(H49*30/365) -> 0.12328767 | R49: =1.5*H49 -> 1.5 | S49: =ROUND(Q49,2) -> 0.12 | T49: =ROUND(R49,2) -> 1.5 | U49: =S49&" sản phẩm/tháng hoặc " &T49& " sản phẩm/năm " -> 0,12 sản phẩm/tháng hoặc 1,5 sản phẩm/năm | V49: CO, CQ | W49: 150 ngày | X49: Đơn giá thấp nhất trong các báo giá | Y49: Howden/ Đức | Z49: 5.04.02.204.CHN.00.000 | AA49: 470821091 | AB49: =VLOOKUP(Z49,'[1]Tra giá ERP'!$A$2:$C$25844,3,0) -> Nhập kho vật tư (HĐ:73/2023) theo hóa đơn số 196 ngày 19.10.2023 | AC49: 0 | AD49: 0 | AE49: 1 | AG49: Điều chỉnh tên, TSKT theo ERP | AH49: 5.6498531e+08 | AI49: Howden/ Đức | AJ49: 645000000 | AK49: Howden/ Trung Quốc | AL49: 598000000 | AM49: Howden/ Trung Quốc | AN49: Bộ chèn răng lược gối NDE sử dụng cho quạt sục khí Vị trí của bộ chèn: No.6 (bản vẽ đính kèm: VT4E-04-F-L0047632ME-DD-013) Thành phần của bộ chèn: - Sealing: 1 Cái (Vật liệu: PPS; Size HR 11) - Garter spring: 2 Cái (Vật liệu: SUS 304; Size: HR 11) Nhà sản xuất: Howden | AO49: Bộ | AP49: 1 | AQ49: 5.04.02.204.CHN.00.000
A50: 49 | B50: TT_S3_TM__03384 | C50: Bộ gối NDE No.03 sử dụng cho quạt sục khí | D50: Bộ Gối NDE sử dụng cho quạt sục khí Vị trí của bộ gối: No.03 (bản vẽ đính kèm: VT4E-04-F-L0047632ME-DD-014) Vật liệu: FCD450 Size: HR 9-Ø90 Nhà sản xuất: Howden | E50: #N/A | F50: #N/A | G50: Bộ | H50: 1 | I50: 1 | J50: 1164982500 | K50: 0.1 | L50: =H50*J50 -> 1164982500 | M50: =L50*(1+K50) -> 1281480750 | N50: =K50*L50 -> 116498250 | O50: Vật tư/Thiết bị cơ khí | P50: =M50/2 -> 640740375 | Q50: =1.5*(H50*30/365) -> 0.12328767 | R50: =1.5*H50 -> 1.5 | S50: =ROUND(Q50,2) -> 0.12 | T50: =ROUND(R50,2) -> 1.5 | U50: =S50&" sản phẩm/tháng hoặc " &T50& " sản phẩm/năm " -> 0,12 sản phẩm/tháng hoặc 1,5 sản phẩm/năm | V50: CO, CQ | W50: 150 ngày | X50: Đơn giá thấp nhất trong các báo giá | Y50: Howden/ Trung Quốc | Z50: chưa mua sắm | AA50: #N/A | AB50: =VLOOKUP(Z50,'[1]Tra giá ERP'!$A$2:$C$25844,3,0) -> #N/A | AC50: 0 | AD50: 0 | AE50: 1 | AG50: Bản vẽ đính kèm | AH50: 1300000000 | AI50: Howden/ Đức | AJ50: 1164982500 | AK50: Howden/ Trung Quốc | AL50: 1298000000 | AM50: Howden/ Trung Quốc | AN50: Bộ Gối NDE sử dụng cho quạt sục khí Vị trí của bộ gối: No.03 (bản vẽ đính kèm: VT4E-04-F-L0047632ME-DD-013) Vật liệu: FCD450 Size: HR 9-Ø90 Nhà sản xuất: Howden | AO50: Bộ | AP50: 1 | AQ50: chưa mua sắm
A51: 50 | B51: TT_S3_TM__03385 | C51: Bộ gối DE No.03 sử dụng cho quạt sục khí | D51: Bộ Gối DE sử dụng cho quạt sục khí Vị trí của bộ gối: No.03 (bản vẽ đính kèm: VT4E-04-F-L0047632ME-DD-013) Vật liệu: FCD450 Size: HR 11 Nhà sản xuất: Howden | E51: #N/A | F51: #N/A | G51: Bộ | H51: 1 | I51: 1 | J51: 1268536500 | K51: 0.1 | L51: =H51*J51 -> 1268536500 | M51: =L51*(1+K51) -> 1395390150 | N51: =K51*L51 -> 126853650 | O51: Vật tư/Thiết bị cơ khí | P51: =M51/2 -> 697695075 | Q51: =1.5*(H51*30/365) -> 0.12328767 | R51: =1.5*H51 -> 1.5 | S51: =ROUND(Q51,2) -> 0.12 | T51: =ROUND(R51,2) -> 1.5 | U51: =S51&" sản phẩm/tháng hoặc " &T51& " sản phẩm/năm " -> 0,12 sản phẩm/tháng hoặc 1,5 sản phẩm/năm | V51: CO, CQ | W51: 150 ngày | X51: Đơn giá thấp nhất trong các báo giá | Y51: Howden/ Trung Quốc | Z51: chưa mua sắm | AA51: #N/A | AB51: =VLOOKUP(Z51,'[1]Tra giá ERP'!$A$2:$C$25844,3,0) -> #N/A | AC51: 0 | AD51: 0 | AE51: 1 | AG51: Bản vẽ đính kèm | AH51: 1500000000 | AI51: Howden/ Đức | AJ51: 1268536500 | AK51: Howden/ Trung Quốc | AL51: 1387000000 | AM51: Howden/ Trung Quốc | AN51: Bộ Gối DE sử dụng cho quạt sục khí Vị trí của bộ gối: No.03 (bản vẽ đính kèm: VT4E-04-F-L0047632ME-DD-013) Vật liệu: FCD450 Size: HR 11 Nhà sản xuất: Howden | AO51: Bộ | AP51: 1 | AQ51: chưa mua sắm
A52: 51 | B52: TT_S3_TM__04029 | C52: Oring ID39x2.5mm, vật liệu Viton | D52: Oring ID39x2.5mm, vật liệu Viton | E52: Oring ID39x2.5mm, vật liệu Viton | F52: Cái | G52: Cái | H52: 4 | I52: 4 | J52: 137000 | K52: 0.08 | L52: =H52*J52 -> 548000 | M52: =L52*(1+K52) -> 591840 | N52: =K52*L52 -> 43840 | O52: Vật tư/Thiết bị cơ khí | P52: =M52/2 -> 295920 | Q52: =1.5*(H52*30/365) -> 0.49315068 | R52: =1.5*H52 -> 6 | S52: =ROUND(Q52,2) -> 0.49 | T52: =ROUND(R52,2) -> 6 | U52: =S52&" sản phẩm/tháng hoặc " &T52& " sản phẩm/năm " -> 0,49 sản phẩm/tháng hoặc 6 sản phẩm/năm | W52: 150 ngày | X52: Đơn giá thấp nhất trong các báo giá | Y52: NAK/ Đài Loan | Z52: 4.88.65.365.ITA.00.000 | AC52: 0 | AD52: 0 | AE52: 4 | AH52: 230000 | AI52: Gapi/ Ý | AJ52: 298000 | AK52: NOK/ Đài Loan | AL52: 137000 | AM52: NAK/ Đài Loan | AN52: Oring ID39x2.5mm, vật liệu Viton | AO52: Cái | AP52: 4 | AQ52: 4.88.65.365.ITA.00.000
A53: 52 | B53: TT_S3_TM__04030 | C53: Oring ID212x2mm, vật liệu Viton | D53: Oring ID212x2mm, vật liệu Viton | E53: Oring ID212x2mm, vật liệu Viton | F53: Cái | G53: Cái | H53: 1 | I53: 1 | J53: 570000 | K53: 0.08 | L53: =H53*J53 -> 570000 | M53: =L53*(1+K53) -> 615600 | N53: =K53*L53 -> 45600 | O53: Vật tư/Thiết bị cơ khí | P53: =M53/2 -> 307800 | Q53: =1.5*(H53*30/365) -> 0.12328767 | R53: =1.5*H53 -> 1.5 | S53: =ROUND(Q53,2) -> 0.12 | T53: =ROUND(R53,2) -> 1.5 | U53: =S53&" sản phẩm/tháng hoặc " &T53& " sản phẩm/năm " -> 0,12 sản phẩm/tháng hoặc 1,5 sản phẩm/năm | W53: 150 ngày | X53: Đơn giá thấp nhất trong các báo giá | Y53: NAK/ Đài Loan | Z53: 4.88.65.363.IND.00.000 | AC53: 0 | AD53: 0 | AE53: 1 | AH53: 1030000 | AI53: Gapi/ Ý | AJ53: 740000 | AK53: NOK/ Đài Loan | AL53: 570000 | AM53: NAK/ Đài Loan | AN53: Oring ID212x2mm, vật liệu Viton | AO53: Cái | AP53: 1 | AQ53: 4.88.65.363.IND.00.000
A54: 53 | B54: TT_S3_TM__04031 | C54: Phớt chắn dầu (oil seal) BA UM5 X7 70x100x10mm | D54: Phớt chắn dầu (oil seal) BA UM5 X7 70x100x10mm. Vật liệu: Viton | E54: Phớt chắn dầu (oil seal) BA UM5 X7 70x100x10mm | F54: Cái | G54: Cái | H54: 1 | I54: 1 | J54: 155000 | K54: 0.08 | L54: =H54*J54 -> 155000 | M54: =L54*(1+K54) -> 167400 | N54: =K54*L54 -> 12400 | O54: Vật tư/Thiết bị cơ khí | P54: =M54/2 -> 83700 | Q54: =1.5*(H54*30/365) -> 0.12328767 | R54: =1.5*H54 -> 1.5 | S54: =ROUND(Q54,2) -> 0.12 | T54: =ROUND(R54,2) -> 1.5 | U54: =S54&" sản phẩm/tháng hoặc " &T54& " sản phẩm/năm " -> 0,12 sản phẩm/tháng hoặc 1,5 sản phẩm/năm | W54: 150 ngày | X54: Đơn giá thấp nhất trong các báo giá | Y54: NAK/ Đài Loan | Z54: 4.88.65.362.TPE.00.000 | AC54: 0 | AD54: 0 | AE54: 1 | AH54: 187000 | AI54: Gapi/ Ý | AJ54: 210000 | AK54: NOK/ Đài Loan | AL54: 155000 | AM54: NAK/ Đài Loan | AN54: Phớt chắn dầu (oil seal) BA UM5 X7 70x100x10mm | AO54: Cái | AP54: 1 | AQ54: 4.88.65.362.TPE.00.000
A55: 54 | B55: TT_S3_TM__04032 | C55: Phớt chặn dầu/ Oil seal BA UM5 SLX7 70x90x10mm | D55: Phớt chặn dầu/ Oil seal BA UM5 SLX7 70x90x10mm. Vật liệu: Viton | E55: Phớt chặn dầu/ Oil seal BA UM5 SLX7 70x90x10mm | F55: Cái | G55: Cái | H55: 1 | I55: 1 | J55: 1250000 | K55: 0.08 | L55: =H55*J55 -> 1250000 | M55: =L55*(1+K55) -> 1350000 | N55: =K55*L55 -> 100000 | O55: Vật tư/Thiết bị cơ khí | P55: =M55/2 -> 675000 | Q55: =1.5*(H55*30/365) -> 0.12328767 | R55: =1.5*H55 -> 1.5 | S55: =ROUND(Q55,2) -> 0.12 | T55: =ROUND(R55,2) -> 1.5 | U55: =S55&" sản phẩm/tháng hoặc " &T55& " sản phẩm/năm " -> 0,12 sản phẩm/tháng hoặc 1,5 sản phẩm/năm | W55: 150 ngày | X55: Đơn giá thấp nhất trong các báo giá | Y55: NAK/ Đài Loan | Z55: 4.88.65.355.TPE.99.000 | AC55: 0 | AD55: 0 | AE55: 1 | AH55: 1980000 | AI55: Gapi/ Ý | AJ55: 1259000 | AK55: NOK/ Đài Loan | AL55: 1250000 | AM55: NAK/ Đài Loan | AN55: Phớt chặn dầu/ Oil seal BA UM5 SLX7 70x90x10mm | AO55: Cái | AP55: 1 | AQ55: 4.88.65.355.TPE.99.000
A56: 55 | B56: TT_S3_TM__04033 | C56: Oring ID55x3.2mm, vật liệu viton | D56: Oring ID55x3.2mm, vật liệu viton | E56: Oring ID55x3.2mm, vật liệu viton | F56: Cái | G56: Cái | H56: 1 | I56: 1 | J56: 270000 | K56: 0.08 | L56: =H56*J56 -> 270000 | M56: =L56*(1+K56) -> 291600 | N56: =K56*L56 -> 21600 | O56: Vật tư/Thiết bị cơ khí | P56: =M56/2 -> 145800 | Q56: =1.5*(H56*30/365) -> 0.12328767 | R56: =1.5*H56 -> 1.5 | S56: =ROUND(Q56,2) -> 0.12 | T56: =ROUND(R56,2) -> 1.5 | U56: =S56&" sản phẩm/tháng hoặc " &T56& " sản phẩm/năm " -> 0,12 sản phẩm/tháng hoặc 1,5 sản phẩm/năm | W56: 150 ngày | X56: Đơn giá thấp nhất trong các báo giá | Y56: NAK/ Đài Loan | Z56: 4.88.65.364.IND.00.000 | AC56: 0 | AD56: 0 | AE56: 1 | AG56: Điều chỉnh đơn vị tính từ "Lít" sang "Cái" theo ERP | AH56: 330000 | AI56: Gapi/ Ý | AJ56: 445000 | AK56: NOK/ Đài Loan | AL56: 270000 | AM56: NAK/ Đài Loan | AN56: Oring ID55x3.2mm, vật liệu viton | AO56: Lít | AP56: 1 | AQ56: 4.88.65.364.IND.00.000
A57: 56 | B57: TT_S3_TM__04034 | C57: Oring ID115x3.1mm, vật liệu viton | D57: Oring ID115x3.1mm, vật liệu viton | E57: Oring ID115x3.1mm, vật liệu viton | F57: Cái | G57: Cái | H57: 1 | I57: 1 | J57: 575000 | K57: 0.08 | L57: =H57*J57 -> 575000 | M57: =L57*(1+K57) -> 621000 | N57: =K57*L57 -> 46000 | O57: Vật tư/Thiết bị cơ khí | P57: =M57/2 -> 310500 | Q57: =1.5*(H57*30/365) -> 0.12328767 | R57: =1.5*H57 -> 1.5 | S57: =ROUND(Q57,2) -> 0.12 | T57: =ROUND(R57,2) -> 1.5 | U57: =S57&" sản phẩm/tháng hoặc " &T57& " sản phẩm/năm " -> 0,12 sản phẩm/tháng hoặc 1,5 sản phẩm/năm | W57: 150 ngày | X57: Đơn giá thấp nhất trong các báo giá | Y57: NAK/ Đài Loan | Z57: 4.88.65.361.IND.00.000 | AC57: 0 | AD57: 0 | AE57: 1 | AH57: 710000 | AI57: Gapi/ Ý | AJ57: 842000 | AK57: NOK/ Đài Loan | AL57: 575000 | AM57: NAK/ Đài Loan | AN57: Oring ID115x3.1mm, vật liệu viton | AO57: Cái | AP57: 1 | AQ57: 4.88.65.361.IND.00.000
A58: 57 | B58: TT_S3_TM__04035 | C58: Dung dịch vệ sinh két làm mát A400 | D58: Dung dịch vệ sinh két làm mát A400 NSX: Tập đoàn Apex | E58: Dung dịch vệ sinh két làm mát A400 | F58: Lít | G58: Lít | H58: 15 | I58: 15 | J58: 560000 | K58: 0.08 | L58: =H58*J58 -> 8400000 | M58: =L58*(1+K58) -> 9072000 | N58: =K58*L58 -> 672000 | O58: Vật tư/Thiết bị cơ khí | P58: =M58/2 -> 4536000 | Q58: =1.5*(H58*30/365) -> 1.8493151 | R58: =1.5*H58 -> 22.5 | S58: =ROUND(Q58,2) -> 1.85 | T58: =ROUND(R58,2) -> 22.5 | U58: =S58&" sản phẩm/tháng hoặc " &T58& " sản phẩm/năm " -> 1,85 sản phẩm/tháng hoặc 22,5 sản phẩm/năm | W58: 150 ngày | X58: Đơn giá thấp nhất trong các báo giá | Y58: Apex Chemical/ Singapore | Z58: 1.71.77.037.SIN.00.000 | AC58: 0 | AD58: 0 | AE58: 15 | AH58: 743000 | AI58: Apex Chemical/ Singapore | AJ58: 650000 | AK58: Apex Chemical/ Singapore | AL58: 560000 | AM58: Apex Chemical/ Singapore | AN58: Dung dịch vệ sinh két làm mát A400 | AO58: Lít | AP58: 15 | AQ58: 1.71.77.037.SIN.00.000
A59: 58 | B59: TT_S3_TM__04036 | C59: Bơm nhớt bôi trơn cho máy nén khí | D59: Bơm nhớt bôi trơn cho máy nén khí Model máy nén khí: Micos-55FA P/N bơm nhớt: A3210560511P Loại (Type) bơm nhớt: N330FA Nhà sản xuất bơm: Nippon Oil Pump CO.,Ltd. | E59: Bơm nhớt bôi trơn cho máy nén Micos-55FA, P/N A3210560511P, Type N330FA | F59: Cái | G59: Cái | H59: 1 | I59: 1 | J59: 57000000 | K59: 0.08 | L59: =H59*J59 -> 57000000 | M59: =L59*(1+K59) -> 61560000 | N59: =K59*L59 -> 4560000 | O59: Vật tư/Thiết bị cơ khí | P59: =M59/2 -> 30780000 | Q59: =1.5*(H59*30/365) -> 0.12328767 | R59: =1.5*H59 -> 1.5 | S59: =ROUND(Q59,2) -> 0.12 | T59: =ROUND(R59,2) -> 1.5 | U59: =S59&" sản phẩm/tháng hoặc " &T59& " sản phẩm/năm " -> 0,12 sản phẩm/tháng hoặc 1,5 sản phẩm/năm | V59: CO, CQ | W59: 150 ngày | X59: Đơn giá thấp nhất trong các báo giá | Y59: Nippon Oil Pump CO.,Ltd./ Nhật Bản | Z59: 5.11.02.076.CHN.00.000 | AC59: 0 | AD59: 0 | AE59: 1 | AH59: 61000000 | AI59: Nippon Oil Pump CO.,Ltd./ Nhật Bản | AJ59: 57000000 | AK59: Nippon Oil Pump CO.,Ltd./ Nhật Bản | AL59: 59300000 | AM59: Nippon Oil Pump CO.,Ltd./ Nhật Bản | AN59: Bơm dầu bôi trơn A3210560511P | AO59: Cái | AP59: 1 | AQ59: 5.11.02.076.CHN.00.000
A60: 59 | B60: TT_S3_TM__04120 | C60: Cao su tấm không bố chịu nhiệt 1000x1000x5mm | D60: Cao su tấm không bố chịu nhiệt 1000x1000x5mm | E60: Cao su tấm không bố chịu nhiệt 1000x1000x5mm | F60: Tấm | G60: Tấm | H60: 5 | I60: 5 | J60: 1450000 | K60: 0.08 | L60: =H60*J60 -> 7250000 | M60: =L60*(1+K60) -> 7830000 | N60: =K60*L60 -> 580000 | O60: Vật tư/Thiết bị cơ khí | P60: =M60/2 -> 3915000 | Q60: =1.5*(H60*30/365) -> 0.61643836 | R60: =1.5*H60 -> 7.5 | S60: =ROUND(Q60,2) -> 0.62 | T60: =ROUND(R60,2) -> 7.5 | U60: =S60&" sản phẩm/tháng hoặc " &T60& " sản phẩm/năm " -> 0,62 sản phẩm/tháng hoặc 7,5 sản phẩm/năm | W60: 150 ngày | X60: Đơn giá thấp nhất trong các báo giá | Y60: Đạt Tâm/ Việt Nam | Z60: 4.88.30.015.VIE.00.000 | AA60: 1450000 | AB60: =VLOOKUP(Z60,'[1]Tra giá ERP'!$A$2:$C$25844,3,0) -> Nhập kho vật tư (HĐ: 105/2024) theo hóa đơn số 85 ngày 04.12.2024 | AC60: 0 | AD60: 0 | AE60: 5 | AH60: 1500000 | AI60: Khánh Đạt/ Việt Nam | AJ60: 1450000 | AK60: Đạt Tâm/ Việt Nam | AL60: 1498000 | AM60: An Phong/ Việt Nam | AN60: Cao su tấm không bố, kích thước 1000x1000x5mm (ngang x dài x dày) | AO60: Tấm | AP60: 5 | AQ60: 4.88.30.015.VIE.00.000
A61: 60 | B61: TT_S3_TM__04123 | C61: Bulong M18x100 (lông đền + đệm vênh + đai ốc), vật liệu: SS304 | D61: Bulong M18x100 (lông đền + đệm vênh + đai ốc), vật liệu: SS304 Cấp bền: Gr8.8 | E61: Bulong M18x100 (lông đền + đệm vênh + đai ốc), vật liệu: SS304 | F61: Bộ | G61: Bộ | H61: 40 | I61: 40 | J61: 216000 | K61: 0.08 | L61: =H61*J61 -> 8640000 | M61: =L61*(1+K61) -> 9331200 | N61: =K61*L61 -> 691200 | O61: Vật tư/Thiết bị cơ khí | P61: =M61/2 -> 4665600 | Q61: =1.5*(H61*30/365) -> 4.9315068 | R61: =1.5*H61 -> 60 | S61: =ROUND(Q61,2) -> 4.93 | T61: =ROUND(R61,2) -> 60 | U61: =S61&" sản phẩm/tháng hoặc " &T61& " sản phẩm/năm " -> 4,93 sản phẩm/tháng hoặc 60 sản phẩm/năm | W61: 150 ngày | X61: Đơn giá thấp nhất trong các báo giá | Y61: Hải Âu/ Việt Nam | Z61: 4.38.28.111.VIE.99.000 | AA61: 180000 | AB61: =VLOOKUP(Z61,'[1]Tra giá ERP'!$A$2:$C$25844,3,0) -> Nhập kho vật tư (HĐ:132/2023) theo hóa đơn số 00000135 ngày 21.12.2023 | AC61: 0 | AD61: 0 | AE61: 40 | AH61: 430000 | AI61: Mecsu/ Việt Nam | AJ61: 216000 | AK61: Hải Âu/ Việt Nam | AL61: 320000 | AM61: Đại Bàng/ Việt Nam | AN61: Bulong M18 x 100mm, bao gồm đai ốc, long đền phẳng, đệm vệnh, vật liệu: inox 304, cấp bền Gr 8.8 | AO61: Bộ | AP61: 40 | AQ61: 4.38.28.111.VIE.99.000
A62: 61 | B62: TT_S3_TM__04124 | C62: Sơn chống rỉ Jotun Epoxy 2 thành phần | D62: Sơn chống rỉ Jotun Epoxy 2 thành phần, mã màu RAL 9005 Jet black | E62: Sơn chống rỉ Jotun Epoxy 2 thành phần, mã màu RAL 9005 Jet black | F62: Lít | G62: Lít | H62: 20 | I62: 20 | J62: 392000 | K62: 0.08 | L62: =H62*J62 -> 7840000 | M62: =L62*(1+K62) -> 8467200 | N62: =K62*L62 -> 627200 | O62: Vật tư/Thiết bị cơ khí | P62: =M62/2 -> 4233600 | Q62: =1.5*(H62*30/365) -> 2.4657534 | R62: =1.5*H62 -> 30 | S62: =ROUND(Q62,2) -> 2.47 | T62: =ROUND(R62,2) -> 30 | U62: =S62&" sản phẩm/tháng hoặc " &T62& " sản phẩm/năm " -> 2,47 sản phẩm/tháng hoặc 30 sản phẩm/năm | W62: 150 ngày | X62: Đơn giá thấp nhất trong các báo giá | Y62: Jotun/ Việt Nam | Z62: 4.25.23.054.VIE.00.000 | AC62: 0 | AD62: 0 | AE62: 20 | AG62: Điều đơn vị tính từ "Thùng" sang "Lít theo ERP | AH62: 450000 | AI62: Jotun/ Việt Nam | AJ62: 392000 | AK62: Jotun/ Việt Nam | AL62: 560000 | AM62: Jotun/ Việt Nam | AN62: Son Jotun Epoxy gồn 2 thành phần, màu đen | AO62: Thùng | AP62: 1 | AQ62: 4.25.23.054.VIE.00.000
A63: 62 | B63: TT_S3_TM__04142 | C63: Dây hàn lõi thuốc K71T-1.2mm | D63: Thông số kỹ thuật: Model: K-71T-1,2mm Đường kính: Ø1,2mm Tiêu chuẩn: AWSA5.20 : E71T-1C/AWSA5.36 : E71T1-C1A0-CS1-H8 Đóng gói: 15kg/cuộn Hãng: Kiswel | E63: Dây hàn lõi thuốc K71T-1.2mm | F63: Cuộn | G63: Cuộn | H63: 30 | I63: 30 | J63: 1900000 | K63: 0.08 | L63: =H63*J63 -> 57000000 | M63: =L63*(1+K63) -> 61560000 | N63: =K63*L63 -> 4560000 | O63: Vật tư/Thiết bị cơ khí | P63: =M63/2 -> 30780000 | Q63: =1.5*(H63*30/365) -> 3.6986301 | R63: =1.5*H63 -> 45 | S63: =ROUND(Q63,2) -> 3.7 | T63: =ROUND(R63,2) -> 45 | U63: =S63&" sản phẩm/tháng hoặc " &T63& " sản phẩm/năm " -> 3,7 sản phẩm/tháng hoặc 45 sản phẩm/năm | V63: CO, CQ | W63: 150 ngày | X63: Đơn giá thấp nhất trong các báo giá | Y63: Kiswel/ Hàn Quốc | Z63: 4.31.18.071.MAS.00.000 | AA63: 1900000 | AB63: =VLOOKUP(Z63,'[1]Tra giá ERP'!$A$2:$C$25844,3,0) -> Nhập kho vật tư (HĐ: 34/2025) theo hóa đơn số 00000073 ngày 05.06.2025 | AC63: 0 | AD63: 0 | AE63: 30 | AG63: Điều chỉnh tên, TSKT theo ERP | AH63: 1900000 | AI63: Kiswel/ Hàn Quốc | AJ63: 2540000 | AK63: Kiswel/ Thái Lan | AL63: 2300000 | AM63: Kiswel/ Hàn Quốc | AN63: Dây hàn lõi thuốc Kiswel K-71T (15kg/cuộn) | AO63: Cuộn | AP63: 30 | AQ63: 4.31.18.071.MAS.00.000
A64: 63 | B64: TT_S3_TM__04144 | C64: Bulong thép đen ren suốt M20x100L, Gr 8.8, ( bulong+đai ốc+ long đền) | D64: Bulong thép đen ren suốt M20x100L, Gr 8.8, ( bulong+đai ốc+ long đền) | E64: Bulong thép đen ren suốt M20x100L, Gr 8.8, ( bulong+đai ốc+ long đền) | F64: Bộ | G64: Bộ | H64: 288 | I64: 288 | J64: 33000 | K64: 0.08 | L64: =H64*J64 -> 9504000 | M64: =L64*(1+K64) -> 10264320 | N64: =K64*L64 -> 760320 | O64: Vật tư/Thiết bị cơ khí | P64: =M64/2 -> 5132160 | Q64: =1.5*(H64*30/365) -> 35.506849 | R64: =1.5*H64 -> 432 | S64: =ROUND(Q64,2) -> 35.51 | T64: =ROUND(R64,2) -> 432 | U64: =S64&" sản phẩm/tháng hoặc " &T64& " sản phẩm/năm " -> 35,51 sản phẩm/tháng hoặc 432 sản phẩm/năm | W64: 150 ngày | X64: Đơn giá thấp nhất trong các báo giá | Y64: Mecsu/ Việt Nam | Z64: 4.35.20.104.VIE.00.000 | AA64: 33000 | AB64: =VLOOKUP(Z64,'[1]Tra giá ERP'!$A$2:$C$25844,3,0) -> Nhập kho vật tư (HĐ: 32/2025) theo hóa đơn số 00000071 ngày 31.05.2025 | AC64: 0 | AD64: 0 | AE64: 288 | AG64: Điều chỉnh tên, TSKT theo ERP | AH64: 33000 | AI64: Mecsu/ Việt Nam | AJ64: 35000 | AK64: Đạt Tâm/ Việt Nam | AL64: 42000 | AM64: An Phong/ Việt Nam | AN64: Bulong thép đen ren suốt M20x100mm, Gr 8.8, gồm đai ốc, lông đền, đệm vênh | AO64: Bộ | AP64: 288 | AQ64: 4.35.20.104.VIE.00.000
A65: 64 | B65: TT_S3_TM__04167 | C65: Ron cao su Ø235x149 dày 4mm | D65: Ron cao su Ø235x149 dày 4mm Bản vẽ chi tiết đính kèm | E65: Ron cao su Ø235x149 dày 4mm | F65: Cái | G65: Cái | H65: 2 | I65: 2 | J65: 1400000 | K65: 0.08 | L65: =H65*J65 -> 2800000 | M65: =L65*(1+K65) -> 3024000 | N65: =K65*L65 -> 224000 | O65: Vật tư/Thiết bị cơ khí | P65: =M65/2 -> 1512000 | Q65: =1.5*(H65*30/365) -> 0.24657534 | R65: =1.5*H65 -> 3 | S65: =ROUND(Q65,2) -> 0.25 | T65: =ROUND(R65,2) -> 3 | U65: =S65&" sản phẩm/tháng hoặc " &T65& " sản phẩm/năm " -> 0,25 sản phẩm/tháng hoặc 3 sản phẩm/năm | W65: 150 ngày | X65: Đơn giá thấp nhất trong các báo giá | Y65: Khánh Đạt/ Việt Nam | Z65: 4.88.65.235.VIE.00.000 | AA65: 1400000 | AB65: =VLOOKUP(Z65,'[1]Tra giá ERP'!$A$2:$C$25844,3,0) -> Nhập kho vật tư (HĐ: 32/2025) theo hóa đơn số 00000070 ngày 29.05.2025 | AC65: 2 | AD65: 2 | AE65: 4 | AF65: 4.88.65.235.VIE.00.000 | AG65: Cách ly 02 cái | AH65: 1400000 | AI65: Khánh Đạt/ Việt Nam | AJ65: 2500000 | AK65: Cao su A&T/ Việt Nam | AL65: 1980000 | AM65: Cao su A&T/ Việt Nam | AN65: Ron cao su Ø235 x Ø149 x dày 4mm | AO65: Cái | AP65: 4 | AQ65: 4.88.65.235.VIE.00.000
A66: 65 | B66: TT_S3_TM__04171 | C66: Cao su tấm 1000x2000x3mm | D66: Cao su tấm 1000x2000x3mm | E66: Cao su tấm 1000x2000x3mm | F66: Tấm | G66: Tấm | H66: 1 | I66: 1 | J66: 1920000 | K66: 0.08 | L66: =H66*J66 -> 1920000 | M66: =L66*(1+K66) -> 2073600 | N66: =K66*L66 -> 153600 | O66: Vật tư/Thiết bị cơ khí | P66: =M66/2 -> 1036800 | Q66: =1.5*(H66*30/365) -> 0.12328767 | R66: =1.5*H66 -> 1.5 | S66: =ROUND(Q66,2) -> 0.12 | T66: =ROUND(R66,2) -> 1.5 | U66: =S66&" sản phẩm/tháng hoặc " &T66& " sản phẩm/năm " -> 0,12 sản phẩm/tháng hoặc 1,5 sản phẩm/năm | W66: 150 ngày | X66: Đơn giá thấp nhất trong các báo giá | Y66: Khánh Đạt/ Việt Nam | Z66: 4.88.30.008.IND.00.000 | AA66: 1600000 | AB66: =VLOOKUP(Z66,'[1]Tra giá ERP'!$A$2:$C$25844,3,0) -> Nhập kho vật tư (HĐ:43) theo hóa đơn số 0000011 ngày 10.06.2021 | AC66: 0 | AD66: 0 | AE66: 1 | AG66: Điều chỉnh lại chiều dày của tấm cao su từ 1mm sang 3mm | AH66: 1920000 | AI66: Khánh Đạt/ Việt Nam | AJ66: 2980000 | AK66: Cao su A&T/ Việt Nam | AL66: 3300000 | AM66: Cao su A&T/ Việt Nam | AN66: Cao su tấm không bố, kích thước 1000x2000x1mm | AO66: Tấm | AP66: 1 | AQ66: 4.88.30.008.IND.00.000
A67: 66 | B67: TT_S3_TM__05415 | C67: Gasket Chesterton SWG size 16"x300#, 316L/316L/FG | D67: Vòng đệm làm kín (Spiral Wound Gasket) 16’’ class 300, SUS304 ASME B 1620. | E67: Gasket Chesterton SWG size 16x300#, 316L/316L/FG | F67: Cái | G67: Cái | H67: 2 | I67: 2 | J67: 8206200 | K67: 0.08 | L67: =H67*J67 -> 16412400 | M67: =L67*(1+K67) -> 17725392 | N67: =K67*L67 -> 1312992 | O67: Vật tư/Thiết bị cơ khí | P67: =M67/2 -> 8862696 | Q67: =1.5*(H67*30/365) -> 0.24657534 | R67: =1.5*H67 -> 3 | S67: =ROUND(Q67,2) -> 0.25 | T67: =ROUND(R67,2) -> 3 | U67: =S67&" sản phẩm/tháng hoặc " &T67& " sản phẩm/năm " -> 0,25 sản phẩm/tháng hoặc 3 sản phẩm/năm | W67: 150 ngày | X67: Đơn giá thấp nhất trong các báo giá | Y67: Chesterton/ Mỹ | Z67: 4.84.84.139.USA.00.000 | AA67: 6838500 | AB67: =VLOOKUP(Z67,'[1]Tra giá ERP'!$A$2:$C$25844,3,0) -> Nhập kho vật tư (HĐ:169/2020) theo hóa đơn số 0000895 ngày 08.07.2021 | AC67: 0 | AD67: 0 | AE67: 2 | AH67: 9100000 | AI67: Chesterton/ Mỹ | AJ67: 8206200 | AK67: Chesterton/ Mỹ | AL67: 11000000 | AM67: Chesterton/ Mỹ | AN67: Vòng đệm làm kín (Spiral Wound Gasket) 16’’ class 300, SUS304 ASME B 1620. | AO67: Cái | AP67: 2 | AQ67: 4.84.84.139.USA.00.000
A68: 67 | B68: TT_S3_TM__05850 | C68: Vòng đệm tròn làm kín/O-ring pos 72 sử dụng cho bơm EH có Model: MKV-23ME-RFA | D68: Vòng đệm tròn làm kín (O-ring) pos 72 sử dụng cho bơm EH P/N: 061-031-060-7 Tiêu chuẩn: JIS B 2401 G60 Hs90 (Bơm EH có Model: MKV-23ME-RFA, Dw no: DA2301-179-0 NSX bơm EH: Mitsubishi) | E68: O-ring (EHC oil pump) / DWG No: DA2301-179-0 / ID No.: pos 72 | F68: Cái | G68: Cái | H68: 2 | I68: 2 | J68: 560000 | K68: 0.08 | L68: =H68*J68 -> 1120000 | M68: =L68*(1+K68) -> 1209600 | N68: =K68*L68 -> 89600 | O68: Vật tư/Thiết bị cơ khí | P68: =M68/2 -> 604800 | Q68: =1.5*(H68*30/365) -> 0.24657534 | R68: =1.5*H68 -> 3 | S68: =ROUND(Q68,2) -> 0.25 | T68: =ROUND(R68,2) -> 3 | U68: =S68&" sản phẩm/tháng hoặc " &T68& " sản phẩm/năm " -> 0,25 sản phẩm/tháng hoặc 3 sản phẩm/năm | W68: 150 ngày | X68: Đơn giá thấp nhất trong các báo giá | Y68: Mitsubishi/ Trung Quốc | Z68: 4.88.65.714.JPN.00.000 | AA68: 8577000 | AB68: =VLOOKUP(Z68,'[1]Tra giá ERP'!$A$2:$C$25844,3,0) -> Nhập kho vật tư (HĐ: 56/2025) theo hóa đơn số 00000265 ngày 10.12.2025 | AC68: 0 | AD68: 0 | AE68: 2 | AG68: Bổ sung thông số kỹ thuật, nhà sản xuất, bản vẽ, mã ERP, tên vật tư | AH68: 982000 | AI68: Max/Ấn Độ | AJ68: 560000 | AK68: Max/Ấn Độ | AL68: 780000 | AM68: Mitsubishi/ Trung Quốc | AN68: Vòng đệm tròn làm kín (O-ring) (pos 78 Dw no: DA2301-179-0( model : MKV-23ME-RFA) NSX: Toshiba | AO68: Cái | AP68: 2 | AQ68: 4.88.65.714.JPN.00.000
A69: 68 | B69: TT_S3_TM__05851 | C69: Vòng đệm tròn làm kín (O-ring) pos 68, sử dụng cho bơm EH có Model: MKV-23ME-RFA | D69: Vòng đệm tròn làm kín (O-ring) pos 68, part no: 363-204-014-6 sử dụng cho bơm EH, tiêu chuẩn AS568 236 Hs70 (Bơm EH có Model: MKV-23ME-RFA, Dw no: DA2301-179-0, NSX bơm EH: Mitsubishi) | E69: Vòng đệm tròn làm kín (O-ring) pos 68, part no: 363-204-014-6, Dw no: DA2301-179-0, sử dụng cho bơm EH có Model: MKV-23ME-RFA | F69: Cái | G69: Cái | H69: 2 | I69: 2 | J69: 1000000 | K69: 0.08 | L69: =H69*J69 -> 2000000 | M69: =L69*(1+K69) -> 2160000 | N69: =K69*L69 -> 160000 | O69: Vật tư/Thiết bị cơ khí | P69: =M69/2 -> 1080000 | Q69: =1.5*(H69*30/365) -> 0.24657534 | R69: =1.5*H69 -> 3 | S69: =ROUND(Q69,2) -> 0.25 | T69: =ROUND(R69,2) -> 3 | U69: =S69&" sản phẩm/tháng hoặc " &T69& " sản phẩm/năm " -> 0,25 sản phẩm/tháng hoặc 3 sản phẩm/năm | W69: 150 ngày | X69: Đơn giá thấp nhất trong các báo giá | Y69: Mitsubishi/ Trung Quốc | Z69: 5.04.01.377.IND.00.000 | AA69: 780000 | AB69: =VLOOKUP(Z69,'[1]Tra giá ERP'!$A$2:$C$25844,3,0) -> Nhập kho vật tư (HĐ: 86/2024) theo hóa đơn số 00000157 ngày 08.11.2024 | AC69: 0 | AD69: 0 | AE69: 2 | AG69: Bổ sung thông số kỹ thuật, bản vẽ, tên vật tư | AH69: 1300000 | AI69: Mitsubishi/ Trung Quốc | AJ69: 1000000 | AK69: Mitsubishi/ Nhật Bản | AL69: 1945000 | AM69: Mitsubishi/ Trung Quốc | AN69: Vòng đệm tròn làm kín (O-ring) (pos 68 Dw no: DA2301-179-0( model : MKV-23ME-RFA) NSX: Toshiba | AO69: Cái | AP69: 2 | AQ69: 5.04.01.377.IND.00.000
A70: 69 | B70: TT_S3_TM__05852 | C70: Vòng đệm tròn làm kín (O-ring) pos 67, sử dụng cho bơm EH có Model: MKV-23ME-RFA | D70: Vòng đệm tròn làm kín (O-ring) pos 67, part no: 361-031-065-7, sử dụng cho bơm EH, tiêu chuẩn JBS B 2401 665 Hs70 (Bơm EH có Model: MKV-23ME-RFA, Dw no: DA2301-179-0, NSX bơm: Mitsubishi) | E70: Vòng đệm tròn làm kín (O-ring) pos 67, part no: 361-031-065-7, Dw no: DA2301-179-0, sử dụng cho bơm EH có Model: MKV-23ME-RFA | F70: Cái | G70: Cái | H70: 2 | I70: 2 | J70: 1000000 | K70: 0.08 | L70: =H70*J70 -> 2000000 | M70: =L70*(1+K70) -> 2160000 | N70: =K70*L70 -> 160000 | O70: Vật tư/Thiết bị cơ khí | P70: =M70/2 -> 1080000 | Q70: =1.5*(H70*30/365) -> 0.24657534 | R70: =1.5*H70 -> 3 | S70: =ROUND(Q70,2) -> 0.25 | T70: =ROUND(R70,2) -> 3 | U70: =S70&" sản phẩm/tháng hoặc " &T70& " sản phẩm/năm " -> 0,25 sản phẩm/tháng hoặc 3 sản phẩm/năm | W70: 150 ngày | X70: Đơn giá thấp nhất trong các báo giá | Y70: Mitsubishi/ Trung Quốc | Z70: 5.04.01.378.IND.00.000 | AA70: 920000 | AB70: =VLOOKUP(Z70,'[1]Tra giá ERP'!$A$2:$C$25844,3,0) -> Nhập kho vật tư (HĐ: 86/2024) theo hóa đơn số 00000157 ngày 08.11.2024 | AC70: 0 | AD70: 0 | AE70: 2 | AG70: Bổ sung thông số kỹ thuật, bản vẽ, tên vật tư | AH70: 1230000 | AI70: Mitsubishi/ Trung Quốc | AJ70: 1000000 | AK70: Mitsubishi/ Nhật Bản | AL70: 1100000 | AM70: Mitsubishi/ Trung Quốc | AN70: Vòng đệm tròn làm kín (O-ring) (pos 67 Dw no: DA2301-179-0( model : MKV-23ME-RFA) NSX: Toshiba | AO70: Cái | AP70: 2 | AQ70: 5.04.01.378.IND.00.000
A71: 70 | B71: TT_S3_TM__05853 | C71: Vòng đệm tròn làm kín (O-ring) pos 63, sử dụng cho bơm EH có Model: MKV-23ME-RFA | D71: Vòng đệm tròn làm kín (O-ring) pos 63, part no: 360-019-009-6, sử dụng cho bơm EH, tiêu chuẩn JBS B 2401 P9 Hs70 (Bơm EH có Model: MKV-23ME-RFA, Dw no: DA2301-179-0, NSX bơm: Mitsubishi) | E71: Vòng đệm tròn làm kín (O-ring) pos 63, part no: 360-019-009-6, Dw no:DA2301-179-0, sử dụng cho bơm EH có Model: MKV-23ME-RFA | F71: Cái | G71: Cái | H71: 2 | I71: 2 | J71: 320000 | K71: 0.08 | L71: =H71*J71 -> 640000 | M71: =L71*(1+K71) -> 691200 | N71: =K71*L71 -> 51200 | O71: Vật tư/Thiết bị cơ khí | P71: =M71/2 -> 345600 | Q71: =1.5*(H71*30/365) -> 0.24657534 | R71: =1.5*H71 -> 3 | S71: =ROUND(Q71,2) -> 0.25 | T71: =ROUND(R71,2) -> 3 | U71: =S71&" sản phẩm/tháng hoặc " &T71& " sản phẩm/năm " -> 0,25 sản phẩm/tháng hoặc 3 sản phẩm/năm | W71: 150 ngày | X71: Đơn giá thấp nhất trong các báo giá | Y71: Mitsubishi/ Trung Quốc | Z71: 5.04.01.379.IND.00.000 | AA71: 320000 | AB71: =VLOOKUP(Z71,'[1]Tra giá ERP'!$A$2:$C$25844,3,0) -> Nhập kho vật tư (HĐ: 86/2024) theo hóa đơn số 00000157 ngày 08.11.2024 | AC71: 0 | AD71: 0 | AE71: 2 | AG71: Bổ sung thông số kỹ thuật, bản vẽ, tên vật tư | AH71: 320000 | AI71: Mitsubishi/ Trung Quốc | AJ71: 450000 | AK71: Mitsubishi/ Nhật Bản | AL71: 515000 | AM71: Mitsubishi/ Trung Quốc | AN71: Vòng đệm tròn làm kín (O-ring) (pos 63 Dw no: DA2301-179-0( model : MKV-23ME-RFA) NSX: Toshiba | AO71: Cái | AP71: 2 | AQ71: 5.04.01.379.IND.00.000
A72: 71 | B72: TT_S3_TM__05854 | C72: Vòng đệm tròn làm kín (O-ring) pos 55, sử dụng cho bơm EH có Model: MKV-23ME-RFA | D72: Vòng đệm tròn làm kín (O-ring) pos 55, part no: 360-024-014-7,sử dụng cho bơm EH, tiêu chuẩn JBS B 2401 P14 Hs90 (Bơm EH có Model: MKV-23ME-RFA, Dw no: DA2301-179-0, NSX bơm: Mitsubishi) | E72: Vòng đệm tròn làm kín (O-ring) pos 55, part no: 360-024-014-7, Dw no: DA2301-179-0, sử dụng cho bơm EH có Model: MKV-23ME-RFA | F72: Cái | G72: Cái | H72: 2 | I72: 2 | J72: 1000000 | K72: 0.08 | L72: =H72*J72 -> 2000000 | M72: =L72*(1+K72) -> 2160000 | N72: =K72*L72 -> 160000 | O72: Vật tư/Thiết bị cơ khí | P72: =M72/2 -> 1080000 | Q72: =1.5*(H72*30/365) -> 0.24657534 | R72: =1.5*H72 -> 3 | S72: =ROUND(Q72,2) -> 0.25 | T72: =ROUND(R72,2) -> 3 | U72: =S72&" sản phẩm/tháng hoặc " &T72& " sản phẩm/năm " -> 0,25 sản phẩm/tháng hoặc 3 sản phẩm/năm | W72: 150 ngày | X72: Đơn giá thấp nhất trong các báo giá | Y72: Mitsubishi/ Trung Quốc | Z72: 5.04.01.380.IND.00.000 | AA72: 650000 | AB72: =VLOOKUP(Z72,'[1]Tra giá ERP'!$A$2:$C$25844,3,0) -> Nhập kho vật tư (HĐ: 86/2024) theo hóa đơn số 00000157 ngày 08.11.2024 | AC72: 0 | AD72: 0 | AE72: 2 | AG72: Bổ sung thông số kỹ thuật, bản vẽ, tên vật tư | AH72: 1000000 | AI72: Mitsubishi/ Trung Quốc | AJ72: 1980000 | AK72: Mitsubishi/ Nhật Bản | AL72: 1200000 | AM72: Mitsubishi/ Trung Quốc | AN72: Vòng đệm tròn làm kín (O-ring) (pos 55 Dw no: DA2301-179-0( model : MKV-23ME-RFA) NSX: Toshiba | AO72: Cái | AP72: 2 | AQ72: 5.04.01.380.IND.00.000
A73: 72 | B73: TT_S3_TM__05855 | C73: Vòng đệm tròn làm kín (O-ring) pos 42, sử dụng cho bơm EH có Model: MKV-23ME-RFA | D73: Vòng đệm tròn làm kín (O-ring) pos 42, part no: 360-019-008-7,sử dụng cho bơm EH, tiêu chuẩn JBS B 2401 P8 Hs90 (Bơm EH có Model: MKV-23ME-RFA, Dw no: DA2301-179-0, NSX bơm: Mitsubishi) | E73: #N/A | F73: #N/A | G73: Cái | H73: 2 | I73: 2 | J73: 1000000 | K73: 0.08 | L73: =H73*J73 -> 2000000 | M73: =L73*(1+K73) -> 2160000 | N73: =K73*L73 -> 160000 | O73: Vật tư/Thiết bị cơ khí | P73: =M73/2 -> 1080000 | Q73: =1.5*(H73*30/365) -> 0.24657534 | R73: =1.5*H73 -> 3 | S73: =ROUND(Q73,2) -> 0.25 | T73: =ROUND(R73,2) -> 3 | U73: =S73&" sản phẩm/tháng hoặc " &T73& " sản phẩm/năm " -> 0,25 sản phẩm/tháng hoặc 3 sản phẩm/năm | W73: 150 ngày | X73: Đơn giá thấp nhất trong các báo giá | Y73: Mitsubishi/ Trung Quốc | Z73: 5.04.01.381.IND.00.000 | AA73: #N/A | AB73: =VLOOKUP(Z73,'[1]Tra giá ERP'!$A$2:$C$25844,3,0) -> #N/A | AC73: 0 | AD73: 0 | AE73: 2 | AG73: Bổ sung thông số kỹ thuật, bản vẽ, tên vật tư | AH73: 1000000 | AI73: Mitsubishi/ Trung Quốc | AJ73: 2120000 | AK73: Mitsubishi/ Nhật Bản | AL73: 1939000 | AM73: Mitsubishi/ Trung Quốc | AN73: Vòng đệm tròn làm kín (O-ring) (pos 42 Dw no: DA2301-179-0( model : MKV-23ME-RFA) NSX: Toshiba | AO73: Cái | AP73: 12 | AQ73: 5.04.01.381.IND.00.000
A74: 73 | B74: TT_S3_TM__05856 | C74: Vòng đệm tròn làm kín (O-ring) pos 40, sử dụng cho bơm EH có Model: MKV-23ME-RFA | D74: Vòng đệm tròn làm kín (O-ring) pos 40, part no: 361-031-140-6, sử dụng cho bơm EH, tiêu chuẩn JBS B 2401 G140 Hs70 (Bơm EH có Model: MKV-23ME-RFA, Dw no: DA2301-179-0, NSX bơm: Mitsubishi) | E74: Vòng đệm tròn làm kín (O-ring) pos 40, part no: 361-031-140-6, Dw no: DA2301-179-0, sử dụng cho bơm EH có Model: MKV-23ME-RFA | F74: Cái | G74: Cái | H74: 2 | I74: 2 | J74: 1250000 | K74: 0.08 | L74: =H74*J74 -> 2500000 | M74: =L74*(1+K74) -> 2700000 | N74: =K74*L74 -> 200000 | O74: Vật tư/Thiết bị cơ khí | P74: =M74/2 -> 1350000 | Q74: =1.5*(H74*30/365) -> 0.24657534 | R74: =1.5*H74 -> 3 | S74: =ROUND(Q74,2) -> 0.25 | T74: =ROUND(R74,2) -> 3 | U74: =S74&" sản phẩm/tháng hoặc " &T74& " sản phẩm/năm " -> 0,25 sản phẩm/tháng hoặc 3 sản phẩm/năm | W74: 150 ngày | X74: Đơn giá thấp nhất trong các báo giá | Y74: Mitsubishi/ Trung Quốc | Z74: 5.04.01.382.IND.00.000 | AA74: 1250000 | AB74: =VLOOKUP(Z74,'[1]Tra giá ERP'!$A$2:$C$25844,3,0) -> Nhập kho vật tư (HĐ: 86/2024) theo hóa đơn số 00000157 ngày 08.11.2024 | AC74: 0 | AD74: 0 | AE74: 2 | AG74: Bổ sung thông số kỹ thuật, bản vẽ, tên vật tư | AH74: 1880000 | AI74: Mitsubishi/ Trung Quốc | AJ74: 1250000 | AK74: Mitsubishi/ Nhật Bản | AL74: 1455000 | AM74: Mitsubishi/ Trung Quốc | AN74: Vòng đệm tròn làm kín (O-ring) (pos 40 Dw no: DA2301-179-0( model : MKV-23ME-RFA) NSX: Toshiba | AO74: Cái | AP74: 2 | AQ74: 5.04.01.382.IND.00.000
A75: 74 | B75: TT_S3_TM__05857 | C75: Vòng đệm tròn làm kín (O-ring) pos 39, sử dụng cho bơm EH có Model: MKV-23ME-RFA | D75: Vòng đệm tròn làm kín (O-ring) pos 39, part no: 363-104-034-6, sử dụng cho bơm EH, tiêu chuẩn AS568 256 Hs70 (Bơm EH có Model: MKV-23ME-RFA, Dw no: DA2301-179-0, NSX bơm: Mitsubishi) | E75: Vòng đệm tròn làm kín (O-ring) pos 39, part no: 363-104-034-6, Dw no: DA2301-179-0, sử dụng cho bơm EH có Model: MKV-23ME-RFA | F75: Cái | G75: Cái | H75: 2 | I75: 2 | J75: 1870000 | K75: 0.08 | L75: =H75*J75 -> 3740000 | M75: =L75*(1+K75) -> 4039200 | N75: =K75*L75 -> 299200 | O75: Vật tư/Thiết bị cơ khí | P75: =M75/2 -> 2019600 | Q75: =1.5*(H75*30/365) -> 0.24657534 | R75: =1.5*H75 -> 3 | S75: =ROUND(Q75,2) -> 0.25 | T75: =ROUND(R75,2) -> 3 | U75: =S75&" sản phẩm/tháng hoặc " &T75& " sản phẩm/năm " -> 0,25 sản phẩm/tháng hoặc 3 sản phẩm/năm | W75: 150 ngày | X75: Đơn giá thấp nhất trong các báo giá | Y75: Mitsubishi/ Trung Quốc | Z75: 5.04.01.383.IND.00.000 | AA75: 1870000 | AB75: =VLOOKUP(Z75,'[1]Tra giá ERP'!$A$2:$C$25844,3,0) -> Nhập kho vật tư (HĐ: 86/2024) theo hóa đơn số 00000157 ngày 08.11.2024 | AC75: 0 | AD75: 0 | AE75: 2 | AG75: Bổ sung thông số kỹ thuật, bản vẽ, tên vật tư | AH75: 1900000 | AI75: Mitsubishi/ Trung Quốc | AJ75: 1870000 | AK75: Mitsubishi/ Nhật Bản | AL75: 2700000 | AM75: Mitsubishi/ Trung Quốc | AN75: Vòng đệm tròn làm kín (O-ring) (pos 39 Dw no: DA2301-179-0( model : MKV-23ME-RFA) NSX: Toshiba | AO75: Cái | AP75: 2 | AQ75: 5.04.01.383.IND.00.000
A76: 75 | B76: TT_S3_TM__05858 | C76: Vòng đệm tròn làm kín (O-ring) pos 38, sử dụng cho bơm EH có Model: MKV-23ME-RFA | D76: Vòng đệm tròn làm kín (O-ring) pos 38, part no: 363-204-037-6, sử dụng cho bơm EH, tiêu chuẩn AS568 256 Hs70 (Bơm EH có Model: MKV-23ME-RFA, Dw no: DA2301-179-0, NSX bơm: Mitsubishi) | E76: Vòng đệm tròn làm kín (O-ring) pos 38, part no: 363-204-037-6, Dw no: DA2301-179-0, sử dụng cho bơm EH có Model: MKV-23ME-RFA | F76: Cái | G76: Cái | H76: 2 | I76: 2 | J76: 1850000 | K76: 0.08 | L76: =H76*J76 -> 3700000 | M76: =L76*(1+K76) -> 3996000 | N76: =K76*L76 -> 296000 | O76: Vật tư/Thiết bị cơ khí | P76: =M76/2 -> 1998000 | Q76: =1.5*(H76*30/365) -> 0.24657534 | R76: =1.5*H76 -> 3 | S76: =ROUND(Q76,2) -> 0.25 | T76: =ROUND(R76,2) -> 3 | U76: =S76&" sản phẩm/tháng hoặc " &T76& " sản phẩm/năm " -> 0,25 sản phẩm/tháng hoặc 3 sản phẩm/năm | W76: 150 ngày | X76: Đơn giá thấp nhất trong các báo giá | Y76: Mitsubishi/ Trung Quốc | Z76: 5.04.01.385.IND.00.000 | AA76: 1850000 | AB76: =VLOOKUP(Z76,'[1]Tra giá ERP'!$A$2:$C$25844,3,0) -> Nhập kho vật tư (HĐ: 86/2024) theo hóa đơn số 00000157 ngày 08.11.2024 | AC76: 0 | AD76: 0 | AE76: 2 | AG76: Bổ sung thông số kỹ thuật, bản vẽ, tên vật tư | AH76: 3103000 | AI76: Mitsubishi/ Trung Quốc | AJ76: 1850000 | AK76: Mitsubishi/ Nhật Bản | AL76: 2200000 | AM76: Mitsubishi/ Trung Quốc | AN76: Vòng đệm tròn làm kín (O-ring) (pos 38 Dw no: DA2301-179-0( model : MKV-23ME-RFA) NSX: Toshiba | AO76: Cái | AP76: 2 | AQ76: 5.04.01.385.IND.00.000
A77: 76 | B77: TT_S3_TM__05859 | C77: Vòng đệm tròn làm kín (O-ring) pos 37, sử dụng cho bơm EH có Model: MKV-23ME-RFA | D77: Vòng đệm tròn làm kín (O-ring) pos 37, part no: 363-204-043-6, sử dụng cho bơm EH, tiêu chuẩn AS568 256 Hs70 (Bơm EH có Model: MKV-23ME-RFA, Dw no: DA2301-179-0, NSX bơm: Mitsubishi) | E77: Vòng đệm tròn làm kín (O-ring) pos 37, part no: 363-204-043-6, Dw no: DA2301-179-0, sử dụng cho bơm EH có Model: MKV-23ME-RFA | F77: Cái | G77: Cái | H77: 2 | I77: 2 | J77: 19700000 | K77: 0.08 | L77: =H77*J77 -> 39400000 | M77: =L77*(1+K77) -> 42552000 | N77: =K77*L77 -> 3152000 | O77: Vật tư/Thiết bị cơ khí | P77: =M77/2 -> 21276000 | Q77: =1.5*(H77*30/365) -> 0.24657534 | R77: =1.5*H77 -> 3 | S77: =ROUND(Q77,2) -> 0.25 | T77: =ROUND(R77,2) -> 3 | U77: =S77&" sản phẩm/tháng hoặc " &T77& " sản phẩm/năm " -> 0,25 sản phẩm/tháng hoặc 3 sản phẩm/năm | W77: 150 ngày | X77: Đơn giá thấp nhất trong các báo giá | Y77: Mitsubishi/ Trung Quốc | Z77: 5.04.01.384.IND.00.000 | AA77: 19700000 | AB77: =VLOOKUP(Z77,'[1]Tra giá ERP'!$A$2:$C$25844,3,0) -> Nhập kho vật tư (HĐ: 86/2024) theo hóa đơn số 00000157 ngày 08.11.2024 | AC77: 0 | AD77: 0 | AE77: 2 | AG77: Bổ sung thông số kỹ thuật, bản vẽ, tên vật tư | AH77: 22000000 | AI77: Mitsubishi/ Trung Quốc | AJ77: 19700000 | AK77: Mitsubishi/ Nhật Bản | AL77: 21400000 | AM77: Mitsubishi/ Trung Quốc | AN77: Vòng đệm tròn làm kín (O-ring) (pos 37 Dw no: DA2301-179-0( model : MKV-23ME-RFA) NSX: Toshiba | AO77: Cái | AP77: 2 | AQ77: 5.04.01.384.IND.00.000
A78: 77 | B78: TT_S3_TM__05860 | C78: Phốt chặn dầu (Oil seal) pos 35, sử dụng cho bơm EH có Model: MKV-23ME-RFA | D78: Phốt chặn dầu (Oil seal) pos 35, part no: YA9101-045-0, Dw no: DA2301-179-0, (sử dụng cho bơm EH có Model: MKV-23ME-RFA, NSX: Mitsubishi) | E78: Phốt chặn dầu (Oil seal) pos 35, part no: YA9101-045-0, Dw no: DA2301-179-0, sử dụng cho bơm EH có Model: MKV-23ME-RFA | F78: Cái | G78: Cái | H78: 2 | I78: 2 | J78: 6200000 | K78: 0.08 | L78: =H78*J78 -> 12400000 | M78: =L78*(1+K78) -> 13392000 | N78: =K78*L78 -> 992000 | O78: Vật tư/Thiết bị cơ khí | P78: =M78/2 -> 6696000 | Q78: =1.5*(H78*30/365) -> 0.24657534 | R78: =1.5*H78 -> 3 | S78: =ROUND(Q78,2) -> 0.25 | T78: =ROUND(R78,2) -> 3 | U78: =S78&" sản phẩm/tháng hoặc " &T78& " sản phẩm/năm " -> 0,25 sản phẩm/tháng hoặc 3 sản phẩm/năm | W78: 150 ngày | X78: Đơn giá thấp nhất trong các báo giá | Y78: Mitsubishi/ Trung Quốc | Z78: 4.88.65.312.IND.00.000 | AA78: 6200000 | AB78: =VLOOKUP(Z78,'[1]Tra giá ERP'!$A$2:$C$25844,3,0) -> Nhập kho vật tư (HĐ: 86/2024) theo hóa đơn số 00000157 ngày 08.11.2024 | AC78: 0 | AD78: 0 | AE78: 2 | AG78: Bổ sung thông số kỹ thuật, bản vẽ, tên vật tư | AH78: 13000000 | AI78: Mitsubishi/ Trung Quốc | AJ78: 9800000 | AK78: Mitsubishi/ Nhật Bản | AL78: 6200000 | AM78: Mitsubishi/ Trung Quốc | AN78: Phốt chặn dầu (Oil seal) (pos 35 Dw no: DA2301-179-0( model : n MKV-23ME-RFA) NSX: Toshiba | AO78: Cái | AP78: 2 | AQ78: 4.88.65.312.IND.00.000
A79: 78 | B79: TT_S3_TM__05861 | C79: Bạc đạn (roller bearing) pos 2, sử dụng cho bơm EH có Model: MKV-23ME-RFA | D79: Bạc đạn (roller bearing) pos 2, part no: YA3206-050-0, Dw no: DA2301-179-0, (sử dụng cho bơm EH có Model: MKV-23ME-RFA, NSX: Mitsubishi) | E79: Bạc đạn (roller bearing) pos 2, part no: YA3206-050-0, Dw no: DA2301-179-0, sử dụng cho bơm EH có Model: MKV-23ME-RFA | F79: Cái | G79: Cái | H79: 2 | I79: 2 | J79: 8900000 | K79: 0.08 | L79: =H79*J79 -> 17800000 | M79: =L79*(1+K79) -> 19224000 | N79: =K79*L79 -> 1424000 | O79: Vật tư/Thiết bị cơ khí | P79: =M79/2 -> 9612000 | Q79: =1.5*(H79*30/365) -> 0.24657534 | R79: =1.5*H79 -> 3 | S79: =ROUND(Q79,2) -> 0.25 | T79: =ROUND(R79,2) -> 3 | U79: =S79&" sản phẩm/tháng hoặc " &T79& " sản phẩm/năm " -> 0,25 sản phẩm/tháng hoặc 3 sản phẩm/năm | W79: 150 ngày | X79: Đơn giá thấp nhất trong các báo giá | Y79: Mitsubishi/ Trung Quốc | Z79: 5.01.03.110.IND.00.000 | AA79: 8900000 | AB79: =VLOOKUP(Z79,'[1]Tra giá ERP'!$A$2:$C$25844,3,0) -> Nhập kho vật tư (HĐ: 86/2024) theo hóa đơn số 00000157 ngày 08.11.2024 | AC79: 0 | AD79: 0 | AE79: 2 | AG79: Bổ sung thông số kỹ thuật, bản vẽ, tên vật tư | AH79: 14500000 | AI79: Mitsubishi/ Trung Quốc | AJ79: 10000000 | AK79: Mitsubishi/ Nhật Bản | AL79: 8900000 | AM79: Mitsubishi/ Trung Quốc | AN79: Vòng bi (roller bearing) (pos 2 Dw no: DA2301-179-0( model : MKV-23ME-RFA) NSX: Toshiba | AO79: Cái | AP79: 2 | AQ79: 5.01.03.110.IND.00.000
A80: 79 | B80: TT_S3_TM__05862 | C80: Bạc đạn (read beaing) pos 5, sử dụng cho bơm EH có Model: MKV-23ME-RFA | D80: Bạc đạn (read beaing) pos 5, part no: YA3202-017-0, Dw no: DA2301-179-0, (sử dụng cho bơm EH có Model: MKV-23ME-RFA, NSX: Mitsubishi) | E80: Bạc đạn (read beaing) pos 5, part no: YA3202-017-0, Dw no: DA2301-179-0, sử dụng cho bơm EH có Model: MKV-23ME-RFA | F80: Cái | G80: Cái | H80: 2 | I80: 2 | J80: 13500000 | K80: 0.08 | L80: =H80*J80 -> 27000000 | M80: =L80*(1+K80) -> 29160000 | N80: =K80*L80 -> 2160000 | O80: Vật tư/Thiết bị cơ khí | P80: =M80/2 -> 14580000 | Q80: =1.5*(H80*30/365) -> 0.24657534 | R80: =1.5*H80 -> 3 | S80: =ROUND(Q80,2) -> 0.25 | T80: =ROUND(R80,2) -> 3 | U80: =S80&" sản phẩm/tháng hoặc " &T80& " sản phẩm/năm " -> 0,25 sản phẩm/tháng hoặc 3 sản phẩm/năm | W80: 150 ngày | X80: Đơn giá thấp nhất trong các báo giá | Y80: Mitsubishi/ Trung Quốc | Z80: 5.01.03.111.IND.00.000 | AA80: 13500000 | AB80: =VLOOKUP(Z80,'[1]Tra giá ERP'!$A$2:$C$25844,3,0) -> Nhập kho vật tư (HĐ: 86/2024) theo hóa đơn số 00000157 ngày 08.11.2024 | AC80: 0 | AD80: 0 | AE80: 2 | AG80: Bổ sung thông số kỹ thuật, bản vẽ, tên vật tư | AH80: 19430000 | AI80: Mitsubishi/ Trung Quốc | AJ80: 15000000 | AK80: Mitsubishi/ Nhật Bản | AL80: 13500000 | AM80: Mitsubishi/ Trung Quốc | AN80: Vòng bi (read beaing) pos (pos 05 Dw no: DA2301-179-0( model : MKV-23ME-RFA) NSX: Toshiba | AO80: Cái | AP80: 2 | AQ80: 5.01.03.111.IND.00.000
A81: 80 | B81: TT_S3_TM__05863 | C81: Vòng đệm tròn làm kín (back up ring) pos 73, sử dụng cho bơm EH có Model: MKV-23ME-RFA | D81: Vòng đệm tròn làm kín (back up ring) pos 73, part no: YA9103-008-0, Dw no: DA2301-179-0, (sử dụng cho bơm EH có Model: MKV-23ME-RFA, NSX: Mitsubishi) | E81: Vòng đệm tròn làm kín (back up ring) pos 73, part no: YA9103-008-0, Dw no: DA2301-179-0, sử dụng cho bơm EH có Model: MKV-23ME-RFA | F81: Cái | G81: Cái | H81: 2 | I81: 2 | J81: 1000000 | K81: 0.08 | L81: =H81*J81 -> 2000000 | M81: =L81*(1+K81) -> 2160000 | N81: =K81*L81 -> 160000 | O81: Vật tư/Thiết bị cơ khí | P81: =M81/2 -> 1080000 | Q81: =1.5*(H81*30/365) -> 0.24657534 | R81: =1.5*H81 -> 3 | S81: =ROUND(Q81,2) -> 0.25 | T81: =ROUND(R81,2) -> 3 | U81: =S81&" sản phẩm/tháng hoặc " &T81& " sản phẩm/năm " -> 0,25 sản phẩm/tháng hoặc 3 sản phẩm/năm | W81: 150 ngày | X81: Đơn giá thấp nhất trong các báo giá | Y81: Mitsubishi/ Trung Quốc | Z81: 5.04.01.386.IND.00.000 | AA81: 680000 | AB81: =VLOOKUP(Z81,'[1]Tra giá ERP'!$A$2:$C$25844,3,0) -> Nhập kho vật tư (HĐ: 86/2024) theo hóa đơn số 00000157 ngày 08.11.2024 | AC81: 0 | AD81: 0 | AE81: 2 | AG81: Bổ sung thông số kỹ thuật, bản vẽ, tên vật tư | AH81: 2458000 | AI81: Mitsubishi/ Trung Quốc | AJ81: 3200000 | AK81: Mitsubishi/ Nhật Bản | AL81: 1000000 | AM81: Mitsubishi/ Trung Quốc | AN81: Vòng đệm tròn làm kín (back up ring) pos 73 Dw no: DA2301-179-0( model : MKV-23ME-RFA) NSX: Toshiba | AO81: Cái | AP81: 2 | AQ81: 5.04.01.386.IND.00.000
A82: 81 | B82: TT_S3_TM__05864 | C82: Vòng đệm tròn làm kín (back up ring) pos 60, sử dụng cho bơm EH có Model: MKV-23ME-RFA | D82: Vòng đệm tròn làm kín (back up ring) pos 60, part no: YA9103-033-0, Dw no: DA2301-179-0, (sử dụng cho bơm EH có Model: MKV-23ME-RFA, NSX: Mitsubishi) | E82: Vòng đệm tròn làm kín (back up ring) pos 60, part no: YA9103-033-0, Dw no: DA2301-179-0 | F82: Cái | G82: Cái | H82: 12 | I82: 12 | J82: 1000000 | K82: 0.08 | L82: =H82*J82 -> 12000000 | M82: =L82*(1+K82) -> 12960000 | N82: =K82*L82 -> 960000 | O82: Vật tư/Thiết bị cơ khí | P82: =M82/2 -> 6480000 | Q82: =1.5*(H82*30/365) -> 1.4794521 | R82: =1.5*H82 -> 18 | S82: =ROUND(Q82,2) -> 1.48 | T82: =ROUND(R82,2) -> 18 | U82: =S82&" sản phẩm/tháng hoặc " &T82& " sản phẩm/năm " -> 1,48 sản phẩm/tháng hoặc 18 sản phẩm/năm | W82: 150 ngày | X82: Đơn giá thấp nhất trong các báo giá | Y82: Mitsubishi/ Trung Quốc | Z82: 5.04.01.387.IND.00.000 | AA82: 630000 | AB82: =VLOOKUP(Z82,'[1]Tra giá ERP'!$A$2:$C$25844,3,0) -> Nhập kho vật tư (HĐ: 86/2024) theo hóa đơn số 00000157 ngày 08.11.2024 | AC82: 0 | AD82: 0 | AE82: 12 | AG82: Bổ sung thông số kỹ thuật, bản vẽ, tên vật tư | AH82: 1890000 | AI82: Mitsubishi/ Trung Quốc | AJ82: 1000000 | AK82: Mitsubishi/ Nhật Bản | AL82: 1200000 | AM82: Mitsubishi/ Trung Quốc | AN82: Vòng đệm tròn làm kín (back up ring) pos 60 Dw no: DA2301-179-0 ( model : MKV-23ME-RFA) NSX: Toshiba | AO82: Cái | AP82: 12 | AQ82: 5.04.01.387.IND.00.000
A83: 82 | B83: TT_S3_TM__05865 | C83: Vòng đệm tròn làm kín (back up ring) pos 69, sử dụng cho bơm EH có Model: MKV-23ME-RFA | D83: Vòng đệm tròn làm kín (back up ring) pos 69, part no: YA9103-009-0, Dw no: DA2301-179-0, (sử dụng cho bơm EH có Model: MKV-23ME-RFA, NSX: Mitsubishi) | E83: Vòng đệm tròn làm kín (back up ring) pos 69, part no: YA9103-009-0, Dw no: DA2301-179-0, sử dụng cho bơm EH có Model: MKV-23ME-RFA | F83: Cái | G83: Cái | H83: 2 | I83: 2 | J83: 1000000 | K83: 0.08 | L83: =H83*J83 -> 2000000 | M83: =L83*(1+K83) -> 2160000 | N83: =K83*L83 -> 160000 | O83: Vật tư/Thiết bị cơ khí | P83: =M83/2 -> 1080000 | Q83: =1.5*(H83*30/365) -> 0.24657534 | R83: =1.5*H83 -> 3 | S83: =ROUND(Q83,2) -> 0.25 | T83: =ROUND(R83,2) -> 3 | U83: =S83&" sản phẩm/tháng hoặc " &T83& " sản phẩm/năm " -> 0,25 sản phẩm/tháng hoặc 3 sản phẩm/năm | W83: 150 ngày | X83: Đơn giá thấp nhất trong các báo giá | Y83: Mitsubishi/ Trung Quốc | Z83: 5.04.01.388.IND.00.000 | AA83: 790000 | AB83: =VLOOKUP(Z83,'[1]Tra giá ERP'!$A$2:$C$25844,3,0) -> Nhập kho vật tư (HĐ: 86/2024) theo hóa đơn số 00000157 ngày 08.11.2024 | AC83: 0 | AD83: 0 | AE83: 2 | AG83: Bổ sung thông số kỹ thuật, bản vẽ, tên vật tư | AH83: 1800000 | AI83: Mitsubishi/ Trung Quốc | AJ83: 1000000 | AK83: Mitsubishi/ Nhật Bản | AL83: 1230000 | AM83: Mitsubishi/ Trung Quốc | AN83: Vòng đệm tròn làm kín (back up ring) pos 69 Dw no: DA2301-179-0 (model : MKV-23ME-RFA) NSX: Toshiba | AO83: Cái | AP83: 2 | AQ83: 5.04.01.388.IND.00.000
A84: 83 | B84: TT_S3_TM__05866 | C84: Bạc đạn (Cam bearing) pos 8, sử dụng cho bơm EH có Model: MKV-23ME-RFA | D84: Bạc đạn (Cam bearing) pos 8, part no: DA2300-453-0, Dw no: DA2301-179-0, (sử dụng cho bơm EH có Model: MKV-23ME-RFA, NSX: Mitsubishi) | E84: Bạc đạn (Cam bearing) pos 8, part no: DA2300-453-0, Dw no: DA2301-179-0, sử dụng cho bơm EH có Model: MKV-23ME-RFA | F84: Cái | G84: Cái | H84: 4 | I84: 4 | J84: 32500000 | K84: 0.08 | L84: =H84*J84 -> 130000000 | M84: =L84*(1+K84) -> 140400000 | N84: =K84*L84 -> 10400000 | O84: Vật tư/Thiết bị cơ khí | P84: =M84/2 -> 70200000 | Q84: =1.5*(H84*30/365) -> 0.49315068 | R84: =1.5*H84 -> 6 | S84: =ROUND(Q84,2) -> 0.49 | T84: =ROUND(R84,2) -> 6 | U84: =S84&" sản phẩm/tháng hoặc " &T84& " sản phẩm/năm " -> 0,49 sản phẩm/tháng hoặc 6 sản phẩm/năm | V84: CO, CQ | W84: 150 ngày | X84: Đơn giá thấp nhất trong các báo giá | Y84: Mitsubishi/ Trung Quốc | Z84: 5.01.03.109.IND.00.000 | AA84: 32500000 | AB84: =VLOOKUP(Z84,'[1]Tra giá ERP'!$A$2:$C$25844,3,0) -> Nhập kho vật tư (HĐ: 86/2024) theo hóa đơn số 00000157 ngày 08.11.2024 | AC84: 0 | AD84: 0 | AE84: 4 | AG84: Bổ sung thông số kỹ thuật, bản vẽ, tên vật tư | AH84: 41600000 | AI84: Mitsubishi/ Trung Quốc | AJ84: 32500000 | AK84: Mitsubishi/ Nhật Bản | AL84: 35000000 | AM84: Mitsubishi/ Trung Quốc | AN84: Vòng bi (Cam bearing) pos 08 Dw no: DA2301-179-0( model : MKV-23ME-RFA) NSX: Toshiba | AO84: Cái | AP84: 4 | AQ84: 5.01.03.109.IND.00.000
A85: 84 | B85: TT_S3_TM__05867 | C85: Piston pos 24 sử dụng cho bơm EH có Model: MKV-23ME-RFA | D85: Piston pos 24 tổng chiều dài L1= 111.2mm, ĐK D1 = 42.5mm, ĐK d2 Piston 30mm (sử dụng cho bơm EH có Model bơm: MKV-23ME-RFA, NSX bơm: Mitsubishi, Dw no: DA2301-179-0) | E85: Piston sử dụng cho bơm có model MKV 23ME, tổng chiều dài L1= 111.2mm, ĐK D1 = 42.5mm, ĐK d2 Piston 30mm | F85: Cái | G85: Cái | H85: 18 | I85: 18 | J85: 5000000 | K85: 0.08 | L85: =H85*J85 -> 90000000 | M85: =L85*(1+K85) -> 97200000 | N85: =K85*L85 -> 7200000 | O85: Vật tư/Thiết bị cơ khí | P85: =M85/2 -> 48600000 | Q85: =1.5*(H85*30/365) -> 2.2191781 | R85: =1.5*H85 -> 27 | S85: =ROUND(Q85,2) -> 2.22 | T85: =ROUND(R85,2) -> 27 | U85: =S85&" sản phẩm/tháng hoặc " &T85& " sản phẩm/năm " -> 2,22 sản phẩm/tháng hoặc 27 sản phẩm/năm | V85: CO, CQ | W85: 150 ngày | X85: Đơn giá thấp nhất trong các báo giá | Y85: Mitsubishi/ Trung Quốc | Z85: 5.60.91.065.CHN.00.000 | AA85: 4500000 | AB85: =VLOOKUP(Z85,'[1]Tra giá ERP'!$A$2:$C$25844,3,0) -> Nhập kho vật tư (QĐ: 16/2026) theo hóa đơn số 8 ngày 12.01.2026 | AC85: 0 | AD85: 0 | AE85: 18 | AG85: Bổ sung thông số kỹ thuật, bản vẽ, tên vật tư | AH85: 5000000 | AI85: Mitsubishi/ Trung Quốc | AJ85: 8100000 | AK85: Mitsubishi/ Nhật Bản | AL85: 6980000 | AM85: Mitsubishi/ Trung Quốc | AN85: Piston pos 24 (Dw no: DA2301-179-0, model : MKV-23ME-RFA) NSX: Toshiba) | AO85: Cái | AP85: 18 | AQ85: 5.60.91.065.CHN.00.000
A86: 85 | B86: TT_S3_TM__05940 | C86: Bạc đạn | D86: Bạc đạn 6216CM Đường kính trong (d): 80 mm Đường kính ngoài (D): 140 mm Độ dày (B): 26 mm | E86: Bạc đạn 6216CM | F86: Cái | G86: Cái | H86: 1 | I86: 1 | J86: 8850000 | K86: 0.08 | L86: =H86*J86 -> 8850000 | M86: =L86*(1+K86) -> 9558000 | N86: =K86*L86 -> 708000 | O86: Vật tư/Thiết bị cơ khí | P86: =M86/2 -> 4779000 | Q86: =1.5*(H86*30/365) -> 0.12328767 | R86: =1.5*H86 -> 1.5 | S86: =ROUND(Q86,2) -> 0.12 | T86: =ROUND(R86,2) -> 1.5 | U86: =S86&" sản phẩm/tháng hoặc " &T86& " sản phẩm/năm " -> 0,12 sản phẩm/tháng hoặc 1,5 sản phẩm/năm | W86: 150 ngày | X86: Đơn giá thấp nhất trong các báo giá | Y86: SKF/ Đức | Z86: 5.01.03.037.JPN.00.000 | AC86: 0 | AD86: 0 | AE86: 1 | AG86: Bổ sung thông số kỹ thuật, điều chỉnh tên theo ERP | AH86: 8850000 | AI86: SKF/ Đức | AJ86: 9340000 | AK86: SKF/ Thụy Điển | AL86: 11000000 | AM86: SKF/ Trung Quốc | AN86: Vòng bi 6216CM | AO86: Cái | AP86: 1 | AQ86: 5.01.03.037.JPN.00.000
A87: 86 | B87: TT_S3_TM__05977 | C87: Vòng đệm làm kín/ Spiral wound gasket size 1-1/2", class 150# (graphite + ss304) | D87: Vòng đệm làm kín Spiral wound gasket 1-1/2" 150# (Graphite + SUS 304) | E87: Vòng đệm làm kín/ Spiral wound gasket size 1-1/2, class 150# (graphite + ss304) | F87: Cái | G87: Cái | H87: 8 | I87: 8 | J87: 502000 | K87: 0.08 | L87: =H87*J87 -> 4016000 | M87: =L87*(1+K87) -> 4337280 | N87: =K87*L87 -> 321280 | O87: Vật tư/Thiết bị cơ khí | P87: =M87/2 -> 2168640 | Q87: =1.5*(H87*30/365) -> 0.98630137 | R87: =1.5*H87 -> 12 | S87: =ROUND(Q87,2) -> 0.99 | T87: =ROUND(R87,2) -> 12 | U87: =S87&" sản phẩm/tháng hoặc " &T87& " sản phẩm/năm " -> 0,99 sản phẩm/tháng hoặc 12 sản phẩm/năm | W87: 150 ngày | X87: Đơn giá thấp nhất trong các báo giá | Y87: Gapi/ Ý | Z87: 2.38.38.040.KOR.99.000 | AC87: 0 | AD87: 0 | AE87: 8 | AH87: 502000 | AI87: Gapi/ Ý | AJ87: 890000 | AK87: Max/ Ấn Độ | AL87: 1100000 | AM87: NAK/ Đài Loan | AN87: Vòng đệm làm kín Spiral wound gasket 1-1/2" 150# (Graphite + SUS 304) | AO87: Cái | AP87: 8 | AQ87: 2.38.38.040.KOR.99.000
A88: 87 | B88: TT_S3_TM__06083 | C88: Vòng đệm tròn làm kín (O-RING FOR DUPLEX OIL FILTER) | D88: Vòng đệm tròn làm kín (O-RING FOR DUPLEX OIL FILTER) NBR: (AS568-386) (MISUZU: ON-8099-000-22 PNo.36) A: 441.3 mm B: 430.7 mm t:φ 5.3 mm | E88: #N/A | F88: #N/A | G88: Cái | H88: 2 | I88: 2 | J88: 930000 | K88: 0.08 | L88: =H88*J88 -> 1860000 | M88: =L88*(1+K88) -> 2008800 | N88: =K88*L88 -> 148800 | O88: Vật tư/Thiết bị cơ khí | P88: =M88/2 -> 1004400 | Q88: =1.5*(H88*30/365) -> 0.24657534 | R88: =1.5*H88 -> 3 | S88: =ROUND(Q88,2) -> 0.25 | T88: =ROUND(R88,2) -> 3 | U88: =S88&" sản phẩm/tháng hoặc " &T88& " sản phẩm/năm " -> 0,25 sản phẩm/tháng hoặc 3 sản phẩm/năm | W88: 150 ngày | X88: Đơn giá thấp nhất trong các báo giá | Y88: Gapi/ Ý | AA88: #N/A | AB88: =VLOOKUP(Z88,'[1]Tra giá ERP'!$A$2:$C$25844,3,0) -> #N/A | AC88: 0 | AD88: 0 | AE88: 2 | AG88: Bổ sung thông số kỹ thuật, bản vẽ | AH88: 1980000 | AI88: Gapi/ Ý | AJ88: 930000 | AK88: Max/ Ấn Độ | AL88: 1400000 | AM88: NAK/ Đài Loan | AN88: Vòng đệm tròn làm kín (O-RING FOR DUPLEX OIL FILTER) NBR: (AS;68-386) (MISUZU: ON-8099-000-22 PNo.36 A: 441.3 mm B: 430.7 mm t:φ 5.3 mm | AO88: Cái | AP88: 2
A89: 88 | B89: TT_S3_TM__06136 | C89: FLANGE GASKET/Gioăng làm kín Ø650x3mm sử dụng cho lọc nhớt ly tâm Tuabin chính | D89: FLANGE GASKET/Gioăng làm kín Ø612x3mm, sử dụng cho lọc nhớt ly tâm Tuabin chính, bản vẽ DD KT03553-a | E89: #N/A | F89: #N/A | G89: Cái | H89: 1 | I89: 1 | J89: 5200000 | K89: 0.08 | L89: =H89*J89 -> 5200000 | M89: =L89*(1+K89) -> 5616000 | N89: =K89*L89 -> 416000 | O89: Vật tư/Thiết bị cơ khí | P89: =M89/2 -> 2808000 | Q89: =1.5*(H89*30/365) -> 0.12328767 | R89: =1.5*H89 -> 1.5 | S89: =ROUND(Q89,2) -> 0.12 | T89: =ROUND(R89,2) -> 1.5 | U89: =S89&" sản phẩm/tháng hoặc " &T89& " sản phẩm/năm " -> 0,12 sản phẩm/tháng hoặc 1,5 sản phẩm/năm | W89: 150 ngày | X89: Đơn giá thấp nhất trong các báo giá | Y89: Gapi/ Ý | AA89: #N/A | AB89: =VLOOKUP(Z89,'[1]Tra giá ERP'!$A$2:$C$25844,3,0) -> #N/A | AC89: 0 | AD89: 1 | AE89: 1 | AG89: Bổ sung bản vẽ, Điều chỉnh TSKT vật tư theo bản vẽ | AH89: 8230000 | AI89: Gapi/ Ý | AJ89: 5200000 | AK89: Max/ Ấn Độ | AL89: 6900000 | AM89: NAK/ Đài Loan | AN89: FLANGE GASKET/Gioăng làm kín Ø650x2.8mm | AO89: Cái | AP89: 2
A90: 89 | B90: TT_S3_TM__06777 | C90: Đệm carbon/carbon bearing - bottom (pos 301) | D90: Đệm carbon/carbon bearing - bottom (pos 301) sử dụng cho bơm nước ngưng có Model VCP350/7S , Drawing no: VT4-YK09-P1LCB-120001 NSX: Hyosung | E90: Carbon bearing - bottom (pos 301) | F90: Cái | G90: Cái | H90: 2 | I90: 2 | J90: 49000000 | K90: 0.08 | L90: =H90*J90 -> 98000000 | M90: =L90*(1+K90) -> 105840000 | N90: =K90*L90 -> 7840000 | O90: Vật tư/Thiết bị cơ khí | P90: =M90/2 -> 52920000 | Q90: =1.5*(H90*30/365) -> 0.24657534 | R90: =1.5*H90 -> 3 | S90: =ROUND(Q90,2) -> 0.25 | T90: =ROUND(R90,2) -> 3 | U90: =S90&" sản phẩm/tháng hoặc " &T90& " sản phẩm/năm " -> 0,25 sản phẩm/tháng hoặc 3 sản phẩm/năm | V90: CO, CQ | W90: 150 ngày | X90: Đơn giá thấp nhất trong các báo giá | Y90: Hyosung/ Hàn Quốc | Z90: 5.03.96.813.KOR.00.000 | AC90: 0 | AD90: 0 | AE90: 2 | AG90: Bổ sung thông số kỹ thuật, nhà sản xuất, bản vẽ, tên vật tư | AH90: 55000000 | AI90: Hyosung/ Hàn Quốc | AJ90: 49000000 | AK90: Hyosung/ Trung Quốc | AL90: 59800000 | AM90: Hyosung/ Hàn Quốc | AN90: carbon bearing - bottom (pos 301) NXS : HYOSUNG (Model Pump : VCP350/7S ; Drawing no: VT4-YK09-P1LCB-120001)/Gối đỡ (vị trí 301) cho bơm nước ngưng | AO90: Cái | AP90: 2 | AQ90: 5.03.96.813.KOR.00.000
A91: 90 | B91: TT_S3_TM__06778 | C91: Đệm carbon/carbon bearing - first (pos 302) | D91: Đệm carbon/carbon bearing - first (pos 302) sử dụng cho bơm nước ngưng có Model VCP350/7S , Drawing no: VT4-YK09-P1LCB-120001 NSX: Hyosung | E91: Carbon bearing - first (pos 302) | F91: Cái | G91: Cái | H91: 2 | I91: 2 | J91: 84000000 | K91: 0.08 | L91: =H91*J91 -> 168000000 | M91: =L91*(1+K91) -> 181440000 | N91: =K91*L91 -> 13440000 | O91: Vật tư/Thiết bị cơ khí | P91: =M91/2 -> 90720000 | Q91: =1.5*(H91*30/365) -> 0.24657534 | R91: =1.5*H91 -> 3 | S91: =ROUND(Q91,2) -> 0.25 | T91: =ROUND(R91,2) -> 3 | U91: =S91&" sản phẩm/tháng hoặc " &T91& " sản phẩm/năm " -> 0,25 sản phẩm/tháng hoặc 3 sản phẩm/năm | V91: CO, CQ | W91: 150 ngày | X91: Đơn giá thấp nhất trong các báo giá | Y91: Hyosung/ Hàn Quốc | Z91: 5.03.96.812.KOR.00.000 | AC91: 0 | AD91: 0 | AE91: 2 | AG91: Bổ sung thông số kỹ thuật, nhà sản xuất, bản vẽ, tên vật tư | AH91: 84000000 | AI91: Hyosung/ Hàn Quốc | AJ91: 102000000 | AK91: Hyosung/ Trung Quốc | AL91: 98240000 | AM91: Hyosung/ Hàn Quốc | AN91: carbon bearing - first (pos 302) NXS : HYOSUNG (Model Pump : VCP350/7S ; Drawing no: VT4-YK09-P1LCB-120001)/Gối đỡ (vị trí 302) cho bơm nước ngưng | AO91: Cái | AP91: 2 | AQ91: 5.03.96.812.KOR.00.000
A92: 91 | B92: TT_S3_TM__06779 | C92: Đệm carbon/Carbon bearing - series and top pos 303, sử dụng cho bơm nước ngưng | D92: Đệm carbon/carbon bearing - series and top (pos 303) sử dụng cho bơm nước ngưng có Model VCP350/7S , Drawing no: VT4-YK09-P1LCB-120001 NSX: Hyosung | E92: Carbon bearing - series and top pos 303, sử dụng cho bơm model: VCP350/7S, dw: VT4-YK09-P1LCB-120001 | F92: Cái | G92: Cái | H92: 12 | I92: 12 | J92: 56000000 | K92: 0.08 | L92: =H92*J92 -> 672000000 | M92: =L92*(1+K92) -> 725760000 | N92: =K92*L92 -> 53760000 | O92: Vật tư/Thiết bị cơ khí | P92: =M92/2 -> 362880000 | Q92: =1.5*(H92*30/365) -> 1.4794521 | R92: =1.5*H92 -> 18 | S92: =ROUND(Q92,2) -> 1.48 | T92: =ROUND(R92,2) -> 18 | U92: =S92&" sản phẩm/tháng hoặc " &T92& " sản phẩm/năm " -> 1,48 sản phẩm/tháng hoặc 18 sản phẩm/năm | V92: CO, CQ | W92: 150 ngày | X92: Đơn giá thấp nhất trong các báo giá | Y92: Hyosung/ Hàn Quốc | Z92: 5.03.96.811.KOR.99.000 | AC92: 0 | AD92: 0 | AE92: 12 | AG92: Bổ sung thông số kỹ thuật, nhà sản xuất, bản vẽ, tên vật tư | AH92: 56000000 | AI92: Hyosung/ Hàn Quốc | AJ92: 87000000 | AK92: Hyosung/ Trung Quốc | AL92: 66500000 | AM92: Hyosung/ Hàn Quốc | AN92: carbon bearing - series and top (pos 303) NXS : HYOSUNG (Model Pump : VCP350/7S ; Drawing no: VT4-YK09-P1LCB-120001)/Gối đỡ (vị trí 303) cho bơm nước ngưng | AO92: Cái | AP92: 12 | AQ92: 5.03.96.811.KOR.99.000
A93: 92 | B93: TT_S3_TM__06780 | C93: Đệm carbon/carbon bearing - m/seal box (pos 304) | D93: Đệm carbon/carbon bearing - m/seal box (pos 304) sử dụng cho bơm nước ngưng có Model VCP350/7S , Drawing no: VT4-YK09-P1LCB-120001 NSX: Hyosung | E93: Shaft Sleeve for M/SEAL Box [Ø100x180L] / Ống bọc ngoài trục bơm ly tâm | F93: Cái | G93: Cái | H93: 2 | I93: 2 | J93: 74000000 | K93: 0.08 | L93: =H93*J93 -> 148000000 | M93: =L93*(1+K93) -> 159840000 | N93: =K93*L93 -> 11840000 | O93: Vật tư/Thiết bị cơ khí | P93: =M93/2 -> 79920000 | Q93: =1.5*(H93*30/365) -> 0.24657534 | R93: =1.5*H93 -> 3 | S93: =ROUND(Q93,2) -> 0.25 | T93: =ROUND(R93,2) -> 3 | U93: =S93&" sản phẩm/tháng hoặc " &T93& " sản phẩm/năm " -> 0,25 sản phẩm/tháng hoặc 3 sản phẩm/năm | V93: CO, CQ | W93: 150 ngày | X93: Đơn giá thấp nhất trong các báo giá | Y93: Hyosung/ Hàn Quốc | Z93: 5.30.04.124.KOR.00.000 | AA93: 6989475 | AB93: =VLOOKUP(Z93,'[1]Tra giá ERP'!$A$2:$C$25844,3,0) -> Tạm nhập số lượng và giá trị VTDP VT4E Ban A bàn giao qua theo quyết định số 803/QĐ-NĐVT4 ngày 09.08.2021 | AC93: 0 | AD93: 0 | AE93: 2 | AG93: Bổ sung thông số kỹ thuật, nhà sản xuất, bản vẽ, tên vật tư | AH93: 74000000 | AI93: Hyosung/ Hàn Quốc | AJ93: 78400000 | AK93: Hyosung/ Trung Quốc | AL93: 89000000 | AM93: Hyosung/ Hàn Quốc | AN93: carbon bearing - m/seal box (pos 304) NXS : HYOSUNG (Model Pump : VCP350/7S ; Drawing no: VT4-YK09-P1LCB-120001)/Gối đỡ (vị trí 304) cho bơm nước ngưng | AO93: Cái | AP93: 2 | AQ93: 5.30.04.124.KOR.00.000
A94: 93 | B94: TT_S3_TM__06781 | C94: Vòng đệm tròn làm kín/Oring barrel (nbr) pos 331 | D94: Vòng đệm tròn làm kín (O ring barrel) (NBR) (pos 331) sử dụng cho bơm nước ngưng có Model VCP350/7S , Drawing no: VT4-YK09-P1LCB-120001 NSX: Hyosung | E94: Oring barrel (nbr) pos 331, sử dụng cho Bơm nước ngưng (Condensate Pump) model: VCP350-7S, serial no.: 1401269-001 | F94: Cái | G94: Cái | H94: 2 | I94: 2 | J94: 31200000 | K94: 0.08 | L94: =H94*J94 -> 62400000 | M94: =L94*(1+K94) -> 67392000 | N94: =K94*L94 -> 4992000 | O94: Vật tư/Thiết bị cơ khí | P94: =M94/2 -> 33696000 | Q94: =1.5*(H94*30/365) -> 0.24657534 | R94: =1.5*H94 -> 3 | S94: =ROUND(Q94,2) -> 0.25 | T94: =ROUND(R94,2) -> 3 | U94: =S94&" sản phẩm/tháng hoặc " &T94& " sản phẩm/năm " -> 0,25 sản phẩm/tháng hoặc 3 sản phẩm/năm | V94: CO, CQ | W94: 150 ngày | X94: Đơn giá thấp nhất trong các báo giá | Y94: Hyosung/ Hàn Quốc | Z94: 4.88.65.268.USA.00.000 | AA94: 3572000 | AB94: =VLOOKUP(Z94,'[1]Tra giá ERP'!$A$2:$C$25844,3,0) -> Nhập kho vật tư (HĐ:23/2022) theo hóa đơn số 00000074,75 ngày 27.10.2022 | AC94: 0 | AD94: 0 | AE94: 2 | AG94: Bổ sung thông số kỹ thuật, nhà sản xuất, bản vẽ, tên vật tư | AH94: 31200000 | AI94: Hyosung/ Hàn Quốc | AJ94: 35000000 | AK94: Hyosung/ Trung Quốc | AL94: 44890000 | AM94: Hyosung/ Hàn Quốc | AN94: Vòng đệm tròn làm kín (O ring barrel) (NBR) (pos 331) NXS : HYOSUNG (Model Pump : VCP350/7S ; Drawing no: VT4-YK09-P1LCB-120001) | AO94: Cái | AP94: 2 | AQ94: 4.88.65.268.USA.00.000
A95: 94 | B95: TT_S3_TM__06782 | C95: Vòng đệm tròn làm kín/Oring top (nbr) pos 334 | D95: Vòng đệm tròn làm kín (O ring top) (NBR ) (pos 334) sử dụng cho bơm nước ngưng có Model VCP350/7S , Drawing no: VT4-YK09-P1LCB-120001 NSX: Hyosung | E95: Oring top (nbr) pos 334, sử dụng cho Bơm model: VCP350-7S, serial no.: 1401269-001/002/003 | F95: Cái | G95: Cái | H95: 2 | I95: 2 | J95: 1850000 | K95: 0.08 | L95: =H95*J95 -> 3700000 | M95: =L95*(1+K95) -> 3996000 | N95: =K95*L95 -> 296000 | O95: Vật tư/Thiết bị cơ khí | P95: =M95/2 -> 1998000 | Q95: =1.5*(H95*30/365) -> 0.24657534 | R95: =1.5*H95 -> 3 | S95: =ROUND(Q95,2) -> 0.25 | T95: =ROUND(R95,2) -> 3 | U95: =S95&" sản phẩm/tháng hoặc " &T95& " sản phẩm/năm " -> 0,25 sản phẩm/tháng hoặc 3 sản phẩm/năm | W95: 150 ngày | X95: Đơn giá thấp nhất trong các báo giá | Y95: Hyosung/ Hàn Quốc | Z95: 4.88.65.267.KOR.99.000 | AC95: 0 | AD95: 0 | AE95: 2 | AG95: Bổ sung thông số kỹ thuật, nhà sản xuất, bản vẽ, tên vật tư | AH95: 1850000 | AI95: Hyosung/ Hàn Quốc | AJ95: 2980000 | AK95: Hyosung/ Trung Quốc | AL95: 2300000 | AM95: Hyosung/ Hàn Quốc | AN95: Vòng đệm tròn làm kín (O ring top) (NBR ) (pos 334)NXS : HYOSUNG (Model Pump : VCP350/7S ; Drawing no: VT4-YK09-P2LCB-120001) | AO95: Cái | AP95: 2 | AQ95: 4.88.65.267.KOR.99.000
A96: 95 | B96: TT_S3_TM__06783 | C96: Vòng đệm tròn làm kín/Oring series (nbr) pos 333 | D96: Vòng đệm tròn làm kín /o ring series (nbr ) (pos 333) sử dụng cho bơm nước ngưng có Model VCP350/7S , Drawing no: VT4-YK09-P1LCB-120001 NSX: Hyosung | E96: Oring series (nbr) pos 333, sử dụng cho Bơm nước ngưng (Condensate Pump) model: VCP350-7S, serial No.: 1401269-001 | F96: Cái | G96: Cái | H96: 10 | I96: 10 | J96: 5670000 | K96: 0.08 | L96: =H96*J96 -> 56700000 | M96: =L96*(1+K96) -> 61236000 | N96: =K96*L96 -> 4536000 | O96: Vật tư/Thiết bị cơ khí | P96: =M96/2 -> 30618000 | Q96: =1.5*(H96*30/365) -> 1.2328767 | R96: =1.5*H96 -> 15 | S96: =ROUND(Q96,2) -> 1.23 | T96: =ROUND(R96,2) -> 15 | U96: =S96&" sản phẩm/tháng hoặc " &T96& " sản phẩm/năm " -> 1,23 sản phẩm/tháng hoặc 15 sản phẩm/năm | V96: CO, CQ | W96: 150 ngày | X96: Đơn giá thấp nhất trong các báo giá | Y96: Hyosung/ Hàn Quốc | Z96: 4.88.65.266.USA.00.000 | AA96: 3572000 | AB96: =VLOOKUP(Z96,'[1]Tra giá ERP'!$A$2:$C$25844,3,0) -> Nhập kho vật tư (HĐ:23/2022) theo hóa đơn số 00000074,75 ngày 27.10.2022 | AC96: 0 | AD96: 0 | AE96: 10 | AG96: Bổ sung thông số kỹ thuật, nhà sản xuất, bản vẽ, tên vật tư | AH96: 5670000 | AI96: Hyosung/ Hàn Quốc | AJ96: 6000000 | AK96: Hyosung/ Trung Quốc | AL96: 8100000 | AM96: Hyosung/ Hàn Quốc | AN96: Vòng đệm tròn làm kín /o ring series (nbr ) (pos 333) NXS : HYOSUNG (Model Pump : VCP350/7S ; Drawing no: VT4-YK09-P1LCB-120001)/Vòng đệm tròn | AO96: Cái | AP96: 10 | AQ96: 4.88.65.266.USA.00.000
A97: 96 | B97: TT_S3_TM__06784 | C97: Vòng đệm tròn làm kín/Oring first (nbr) pos 332, sử dụng cho Bơm nước ngưng | D97: Vòng đệm tròn làm kín /o ring first (nbr )(pos 332) sử dụng cho bơm nước ngưng có Model VCP350/7S , Drawing no: VT4-YK09-P1LCB-120001 NSX: Hyosung | E97: Oring first (nbr) pos 332, sử dụng cho Bơm nước ngưng (Condensate Pump) model: VCP350-7S, serial no.: 1401269-001 | F97: Cái | G97: Cái | H97: 2 | I97: 2 | J97: 9200000 | K97: 0.08 | L97: =H97*J97 -> 18400000 | M97: =L97*(1+K97) -> 19872000 | N97: =K97*L97 -> 1472000 | O97: Vật tư/Thiết bị cơ khí | P97: =M97/2 -> 9936000 | Q97: =1.5*(H97*30/365) -> 0.24657534 | R97: =1.5*H97 -> 3 | S97: =ROUND(Q97,2) -> 0.25 | T97: =ROUND(R97,2) -> 3 | U97: =S97&" sản phẩm/tháng hoặc " &T97& " sản phẩm/năm " -> 0,25 sản phẩm/tháng hoặc 3 sản phẩm/năm | W97: 150 ngày | X97: Đơn giá thấp nhất trong các báo giá | Y97: Hyosung/ Hàn Quốc | Z97: 4.88.65.265.KOR.00.000 | AC97: 0 | AD97: 0 | AE97: 2 | AG97: Bổ sung thông số kỹ thuật, nhà sản xuất, bản vẽ, tên vật tư | AH97: 12000000 | AI97: Hyosung/ Hàn Quốc | AJ97: 9200000 | AK97: Hyosung/ Trung Quốc | AL97: 13400000 | AM97: Hyosung/ Hàn Quốc | AN97: o ring first (nbr )(pos 332) NXS : HYOSUNG (Model Pump : VCP350/7S ; Drawing no: VT4-YK09-P1LCB-120001)/Vòng đệm tròn | AO97: Cái | AP97: 2 | AQ97: 4.88.65.265.KOR.00.000
A98: 97 | B98: TT_S3_TM__06785 | C98: Vòng đệm tròn làm kín/Oring M/seal box (nbr) pos 336, sử dụng cho Bơm nước ngưng | D98: Vòng đệm tròn làm kín /o ring M/seal box (nbr ) (pos 336) sử dụng cho bơm nước ngưng có Model VCP350/7S , Drawing no: VT4-YK09-P1LCB-120001 NSX: Hyosung | E98: Oring M/seal box (nbr) pos 336, sử dụng cho Bơm nước ngưng (Condensate Pump) model: VCP350-7S, serial no.: 1401269-001 | F98: Cái | G98: Cái | H98: 2 | I98: 2 | J98: 3840000 | K98: 0.08 | L98: =H98*J98 -> 7680000 | M98: =L98*(1+K98) -> 8294400 | N98: =K98*L98 -> 614400 | O98: Vật tư/Thiết bị cơ khí | P98: =M98/2 -> 4147200 | Q98: =1.5*(H98*30/365) -> 0.24657534 | R98: =1.5*H98 -> 3 | S98: =ROUND(Q98,2) -> 0.25 | T98: =ROUND(R98,2) -> 3 | U98: =S98&" sản phẩm/tháng hoặc " &T98& " sản phẩm/năm " -> 0,25 sản phẩm/tháng hoặc 3 sản phẩm/năm | W98: 150 ngày | X98: Đơn giá thấp nhất trong các báo giá | Y98: Hyosung/ Hàn Quốc | Z98: 4.88.65.264.USA.00.000 | AA98: 3572000 | AB98: =VLOOKUP(Z98,'[1]Tra giá ERP'!$A$2:$C$25844,3,0) -> Nhập kho vật tư (HĐ:23/2022) theo hóa đơn số 00000074,75 ngày 27.10.2022 | AC98: 0 | AD98: 0 | AE98: 2 | AG98: Bổ sung thông số kỹ thuật, nhà sản xuất, bản vẽ, tên vật tư | AH98: 6800000 | AI98: Hyosung/ Hàn Quốc | AJ98: 5340000 | AK98: Hyosung/ Trung Quốc | AL98: 3840000 | AM98: Hyosung/ Hàn Quốc | AN98: o ring M/seal box (nbr ) (pos 336) NXS : HYOSUNG (Model Pump : VCP350/7S ; Drawing no: VT4-YK09-P1LCB-120001)/Vòng đệm tròn | AO98: Cái | AP98: 2 | AQ98: 4.88.65.264.USA.00.000
A99: 98 | B99: TT_S3_TM__06786 | C99: Bạc lót/ Shaft sleeve bottom (pos 311) | D99: Bạc lót/ Shaft sleeve bottom (pos 311) sử dụng cho bơm nước ngưng có Model VCP350/7S , Drawing no: VT4-YK09-P1LCB-120001 NSX: Hyosung | E99: Shaft Sleeve for Bottom [Ø56x140L] / Ống bọc ngoài trục bơm ly tâm | F99: Cái | G99: Cái | H99: 2 | I99: 2 | J99: 44000000 | K99: 0.08 | L99: =H99*J99 -> 88000000 | M99: =L99*(1+K99) -> 95040000 | N99: =K99*L99 -> 7040000 | O99: Vật tư/Thiết bị cơ khí | P99: =M99/2 -> 47520000 | Q99: =1.5*(H99*30/365) -> 0.24657534 | R99: =1.5*H99 -> 3 | S99: =ROUND(Q99,2) -> 0.25 | T99: =ROUND(R99,2) -> 3 | U99: =S99&" sản phẩm/tháng hoặc " &T99& " sản phẩm/năm " -> 0,25 sản phẩm/tháng hoặc 3 sản phẩm/năm | V99: CO, CQ | W99: 150 ngày | X99: Đơn giá thấp nhất trong các báo giá | Y99: Hyosung/ Hàn Quốc | Z99: 5.33.85.525.KOR.00.000 | AA99: 8666949 | AB99: =VLOOKUP(Z99,'[1]Tra giá ERP'!$A$2:$C$25844,3,0) -> Tạm nhập số lượng và giá trị VTDP VT4E Ban A bàn giao qua theo quyết định số 803/QĐ-NĐVT4 ngày 09.08.2021 | AC99: 0 | AD99: 0 | AE99: 2 | AG99: Bổ sung thông số kỹ thuật, nhà sản xuất, bản vẽ, tên vật tư | AH99: 56000000 | AI99: Hyosung/ Hàn Quốc | AJ99: 49500000 | AK99: Hyosung/ Trung Quốc | AL99: 44000000 | AM99: Hyosung/ Hàn Quốc | AN99: Bạc lót/ Shaft sleeve bottom (pos 311) NXS : HYOSUNG (Model Pump : VCP350/7S ; Drawing no: VT4-YK09-P1LCB-120001) | AO99: Cái | AP99: 2 | AQ99: 5.33.85.525.KOR.00.000
A100: 99 | B100: TT_S3_TM__06787 | C100: Bạc lót/ Shaft sleeve first pos 312 | D100: Bạc lót/ Shaft sleeve first (pos 312) sử dụng cho bơm nước ngưng có Model VCP350/7S , Drawing no: VT4-YK09-P1LCB-120001 NSX: Hyosung | E100: Bạc lót/ Shaft sleeve first pos 312, sử dụng cho bơm model: VCP350/7S, dw: VT4-YK09-P1LCB-120001 | F100: Cái | G100: Cái | H100: 2 | I100: 2 | J100: 71200000 | K100: 0.08 | L100: =H100*J100 -> 142400000 | M100: =L100*(1+K100) -> 153792000 | N100: =K100*L100 -> 11392000 | O100: Vật tư/Thiết bị cơ khí | P100: =M100/2 -> 76896000 | Q100: =1.5*(H100*30/365) -> 0.24657534 | R100: =1.5*H100 -> 3 | S100: =ROUND(Q100,2) -> 0.25 | T100: =ROUND(R100,2) -> 3 | U100: =S100&" sản phẩm/tháng hoặc " &T100& " sản phẩm/năm " -> 0,25 sản phẩm/tháng hoặc 3 sản phẩm/năm | V100: CO, CQ | W100: 150 ngày | X100: Đơn giá thấp nhất trong các báo giá | Y100: Hyosung/ Hàn Quốc | Z100: 2.90.01.001.KOR.00.000 | AA100: 32054000 | AB100: =VLOOKUP(Z100,'[1]Tra giá ERP'!$A$2:$C$25844,3,0) -> Nhập kho vật tư (HĐ:48/2022) theo hóa đơn số 70 ngày 12.08.2022 | AC100: 0 | AD100: 0 | AE100: 2 | AG100: Bổ sung thông số kỹ thuật, nhà sản xuất, bản vẽ, tên vật tư | AH100: 101000000 | AI100: Hyosung/ Hàn Quốc | AJ100: 98000000 | AK100: Hyosung/ Trung Quốc | AL100: 71200000 | AM100: Hyosung/ Hàn Quốc | AN100: Bạc lót/ Shaft sleeve first (pos 312) NXS : HYOSUNG (Model Pump : VCP350/7S ; Drawing no: VT4-YK09-P1LCB-1200011) | AO100: Cái | AP100: 2 | AQ100: 2.90.01.001.KOR.00.000
...

Sheet TTD-Full-specs
A1: 2026-04-10 Ý kiến thẩm định về tính đầy đủ, rõ ràng của HSMT- phần chương V - bảng yêu cầu Kỹ thuật chi tiết
A2: STT | B2: ='hsmt v2'!C1 -> Tên vật tư mới | C2: ='hsmt v2'!D1 -> TSKT mới | D2: Đánh giá về tính đầy đủ
A3: 1 | B3: ='hsmt v2'!C2 -> Ổ cứng HDD | C3: ='hsmt v2'!D2 -> Ổ cứng HDD Hãng: WD Ổ cứng HDD 3.5 1TB Loại và tốc độ: SATA 6Gb/s Capacity: 1TB Thông số làm việc : 5V/0.68A; 12V/0.55A
A4: 2 | B4: ='hsmt v2'!C3 -> Mounting Base: HBS 01 - EPD | C4: ='hsmt v2'!D3 -> Đế Module IO Mác, mã: HBS01-EPD Hãng sản xuất: ABB PR (Product Revision): J hoặc mới hơn
A5: 3 | B5: ='hsmt v2'!C4 -> Đế gắn module IO SD I/O MOUNTING BASE Model: HBS01-FPH | C5: ='hsmt v2'!D4 -> Đế Module IO Mác, mã: HBS01-FPH Hãng sản xuất: ABB PR (Product Revision): J hoặc mới hơn
A6: 4 | B6: ='hsmt v2'!C5 -> Mouting base Model: HBS01-FPN | C6: ='hsmt v2'!D5 -> Đế Module IO Mác, mã: HBS01-FPN Hãng sản xuất: ABB PR (Product Revision): J hoặc mới hơn
A7: 5 | B7: ='hsmt v2'!C6 -> Túi chống ẩm Silicagel có dây treo 0,5kg/túi | C7: ='hsmt v2'!D6 -> Túi chống ẩm Silicagel có dây treo 0,5kg/túi
A8: 6 | B8: ='hsmt v2'!C7 -> Quạt hút tủ điện SNUON 300x300mm | C8: ='hsmt v2'!D7 -> Quạt hút tủ điện SNUON 300x300mm: Điện áp: 200V – 240V Hãng: SNUON Kích thước: 300x300x38mm Tốc độ: 2800-3250rpm Cánh quạt làm bằng nhựa Plastic cao cấp Khung quạt làm bằng kim loại: Chắc chắn
A9: 7 | B9: ='hsmt v2'!C8 -> Ổ cứng SSD Samsung 870 Evo 1TB | C9: ='hsmt v2'!D8 -> SSD Samsung 870 Evo 1TB Kích thước: 2.5-Inch SATA III MZ-77E1T0BW
A10: 8 | B10: ='hsmt v2'!C9 -> Công tắc (Switch) Model: DZ-10GW-1B | C10: ='hsmt v2'!D9 -> Công tắc (Switch) Model: DZ-10GW-1B Điện áp max: 250 VAC/VDC Dòng điện định mức: 10A Số công tắc: DPDT NSX: Omron
A11: 9 | B11: ='hsmt v2'!C10 -> Vòng đệm tròn cao su/O-ring, KT: ID456.06x5.33mm, vật liệu: Viton | C11: ='hsmt v2'!D10 -> Vòng đệm tròn cao su/O-ring - Kích thước: ID 456.06 x 5.33 mm - Vật liệu: Viton
A12: 10 | B12: ='hsmt v2'!C11 -> Vòng đệm tròn cao su/O-ring, Kích thước: ID 53.34 x 5.33 mm | C12: ='hsmt v2'!D11 -> Vòng đệm tròn cao su/O-ring - Kích thước: ID 53.34 x 5.33 mm - Vật liệu: Viton
A13: 11 | B13: ='hsmt v2'!C12 -> Vòng đệm tròn cao su/O-ring, KT: ID46.99x5.33mm, vật liệu: Viton | C13: ='hsmt v2'!D12 -> Vòng đệm tròn cao su/O-ring - Kích thước: ID 46.99 x 5.33 mm - Vật liệu: Viton
A14: 12 | B14: ='hsmt v2'!C13 -> Vòng đệm tròn cao su/O-ring, KT: ID 69.44x3.53mm, vật liệu: Viton | C14: ='hsmt v2'!D13 -> Vòng đệm tròn cao su/O-ring - Kích thước: ID 69.44 x 3.53 mm - Vật liệu: Viton
... A308: 306 | B308: ='hsmt v2'!C307 -> Gói dịch vụ | C308: ='hsmt v2'!D307 -> Gói dịch vụ đính kèm trong Tờ trình 849/KTAT ngày 01/03/2026 v/v phương án tái lập hệ thống nhận, truyền và quản lý dữ liệu quan trắc cho hệ thống quan trắc tự động, liên tục Nhà máy Nhiệt điện Vĩnh Tân 4

Sheet TTD-CO_CQ
B1: 2026-04-10-Ý kiến thẩm định HSMT gói thầu 39
E2: =SUM(D:D) -> 2.2083336e+09 | F2: =E2/'hsmt v2'!M316 -> 0.029736639
A3: STT | B3: ='hsmt v2'!$C$1 -> Tên vật tư mới | C3: TSKT | D3: ='hsmt v2'!$M$1 -> Thành tiền sau thuế | E3: Hãng báo giá | F3: Nhập khẩu | G3: Tình Trạng yêu cầu CO CQ HSMT | H3: Nhận xét
A4: 179 | B4: ='hsmt v2'!C307 -> Gói dịch vụ | C4: ='hsmt v2'!$D$307 -> Gói dịch vụ đính kèm trong Tờ trình 849/KTAT ngày 01/03/2026 v/v phương án tái lập hệ thống nhận, truyền và quản lý dữ liệu quan trắc cho hệ thống quan trắc tự động, liên tục Nhà máy Nhiệt điện Vĩnh Tân 4 | D4: ='hsmt v2'!$M$307 -> 167400000 | E4: ='hsmt v2'!Y307 -> 0 | F4: sai | G4: Không yêu cầu CO, CQ | H4: Là dịch vụ
A5: 22 | B5: ='hsmt v2'!C31 -> Bộ điều chỉnh khí nén, Mã: LFR-3/4-D-MAXI-A | C5: ='hsmt v2'!D31 -> Bộ điều áp (Regulator) Model: LFR-3/4-D-MAXI-A Order code: 159636; Type: Filter regulator with pressure gauge; Operating pressure: 2 ~ 12 bar; Grade of filtration: 40 µm; Connection: G ¾ inch NSX : Festo | D5: ='hsmt v2'!M31 -> 139320000 | E5: ='hsmt v2'!Y31 -> Rotork YTC/ Hàn Quốc | F5: OK | G5: Không yêu cầu CO, CQ | H5: Bổ sung lý do vì sao là hàng nhập khẩu nhưng ko yêu cầu CO, CQ
A6: 10 | B6: ='hsmt v2'!C15 -> Van điện từ/Solenoid valve, Model: 8316P064, 10-250 psi, 110-240 VAC | C6: ='hsmt v2'!D15 -> Van điện từ/Solenoid valve: - Model: 8316P064 - Voltage: 110-240VAC 50Hz, 2W - Inert gas: 10-250 psi Manufacturer: ASCO | D6: ='hsmt v2'!M15 -> 79920000 | E6: ='hsmt v2'!Y15 -> ASCO/ Singapore | F6: OK | G6: Không yêu cầu CO, CQ | H6: Bổ sung lý do vì sao là hàng nhập khẩu nhưng ko yêu cầu CO, CQ
A7: 90 | B7: ='hsmt v2'!C134 -> Bộ chỉnh áp điều chỉnh khí nén, Model: YT-200BN210 | C7: ='hsmt v2'!D134 -> Bộ chỉnh áp điều chỉnh khí nén (Air regulator) Model: YT-200BN210 Air Connection: NPT 1/4 Adjust Range: 0 - 8.4 bar Gauges: one Max. Supply: 1.7 Mpa Bao gồm đồng hồ NSX : Rotork YTC | D7: ='hsmt v2'!M134 -> 60264000 | E7: ='hsmt v2'!Y134 -> Rotork YTC/ Hàn Quốc | F7: OK | G7: Không yêu cầu CO, CQ | H7: Bổ sung lý do vì sao là hàng nhập khẩu nhưng ko yêu cầu CO, CQ
A8: 77 | B8: ='hsmt v2'!C106 -> Gasket Chesterton SWG size 12"x300#, 316L/316L/FG | C8: ='hsmt v2'!D106 -> Gasket Chesterton SWG size 12"x300#, 316L/316L/FG | D8: ='hsmt v2'!M106 -> 49372200 | E8: ='hsmt v2'!Y106 -> HTC/ Trung Quốc | F8: OK | G8: Không yêu cầu CO, CQ | H8: Bổ sung lý do vì sao là hàng nhập khẩu nhưng ko yêu cầu CO, CQ
A9: 60 | B9: ='hsmt v2'!C77 -> Vòng đệm tròn làm kín (O-ring) pos 37, sử dụng cho bơm EH có Model: MKV-23ME-RFA | C9: ='hsmt v2'!D77 -> Vòng đệm tròn làm kín (O-ring) pos 37, part no: 363-204-043-6, sử dụng cho bơm EH, tiêu chuẩn AS568 256 Hs70 (Bơm EH có Model: MKV-23ME-RFA, Dw no: DA2301-179-0, NSX bơm: Mitsubishi) | D9: ='hsmt v2'!M77 -> 42552000 | E9: ='hsmt v2'!Y77 -> Mitsubishi/ Trung Quốc | F9: OK | G9: Không yêu cầu CO, CQ | H9: Bổ sung lý do vì sao là hàng nhập khẩu nhưng ko yêu cầu CO, CQ
A10: 82 | B10: ='hsmt v2'!C119 -> Co 90 độ, KT: DN80, LR, BW, S-10S, Vật liệu: A815 CL WPS31803 | C10: ='hsmt v2'!D119 -> Co ống 90D: DN80, LR, BW, S-10S. Vật liệu: A815 CL WPS31803 | D10: ='hsmt v2'!M119 -> 42120000 | E10: ='hsmt v2'!Y119 -> Baosteel/ Trung Quốc | F10: OK | G10: Không yêu cầu CO, CQ | H10: Bổ sung lý do vì sao là hàng nhập khẩu nhưng ko yêu cầu CO, CQ
A11: 97 | B11: ='hsmt v2'!C145 -> Relay khuếch đại/ booster relay, Model: YT-320N1, Air connection: 1/2 NPT; Pressure: max 1 MPA | C11: ='hsmt v2'!D145 -> Relay khuếch đại/ booster relay: - Model : YT-320N1 - Air connection: 1/2 NPT - Max.Sup press: 1Mpa - Max.Sig/Out: 0.7 Mpa - Maker: Rotork YTC | D11: ='hsmt v2'!M145 -> 39730999 | E11: ='hsmt v2'!Y145 -> Rotork YTC/ Hàn Quốc | F11: OK | G11: Không yêu cầu CO, CQ | H11: Bổ sung lý do vì sao là hàng nhập khẩu nhưng ko yêu cầu CO, CQ
A12: 13 | B12: ='hsmt v2'!C22 -> Nhựa tấm teflon (PTFE tấm), KT: 1000mmx1000mmx04mm | C12: ='hsmt v2'!D22 -> Nhựa tấm teflon (PTFE tấm), KT: 1000mmx1000mmx04mm | D12: ='hsmt v2'!M22 -> 39683520 | E12: ='hsmt v2'!Y22 -> YUANYU/ Trung Quốc | F12: OK | G12: Không yêu cầu CO, CQ | H12: Bổ sung lý do vì sao là hàng nhập khẩu nhưng ko yêu cầu CO, CQ
A13: 78 | B13: ='hsmt v2'!C110 -> Vòng đệm làm kín/ bonnet gasket, pos 13, sử dụng cho van van xả dồn BGN 3 về 2, serial no: 24644 | C13: ='hsmt v2'!D110 -> Vòng đệm tròn làm kín/bonnet gasket pos 13; vật liệu:GTP & SS304; (sử dụng cho van xả dồn BGN 3 về 2 có model BV 500 ; class 150# body size: 8'' ;serial No: 24664; NSX:WEIR) | D13: ='hsmt v2'!M110 -> 34020000 | E13: ='hsmt v2'!Y110 -> WEIR/ Hàn Quốc | F13: OK | G13: Không yêu cầu CO, CQ | H13: Bổ sung lý do vì sao là hàng nhập khẩu nhưng ko yêu cầu CO, CQ
A14: 79 | B14: ='hsmt v2'!C111 -> Vòng đệm tròn làm kín/ cage gaket pos 14, sử dụng cho van xả dồn BGN 3 về 2, serial no: 24644 | C14: ='hsmt v2'!D111 -> Vòng đệm tròn làm kín/cage gasket pos14; vật liệu:GTP & SS304; (sử dụng cho van xả dồn BGN 3 về 2 có model BV 500 ; class 150# body size: 8'' ;serial No: 24664; NSX:WEIR) | D14: ='hsmt v2'!M111 -> 34020000 | E14: ='hsmt v2'!Y111 -> WEIR/ Hàn Quốc | F14: OK | G14: Không yêu cầu CO, CQ | H14: Bổ sung lý do vì sao là hàng nhập khẩu nhưng ko yêu cầu CO, CQ
A15: 80 | B15: ='hsmt v2'!C112 -> Vòng đệm tròn làm kín/ seat gasket pos 15, sử dụng cho van xả dồn BGN 3 về 2, serial no: 24644 | C15: ='hsmt v2'!D112 -> Vòng đệm tròn làm kín/seat gasket pos15; vật liệu:GTP & SS304; (sử dụng cho van xả dồn BGN 3 về 2 có model BV 500 ; class 150# body size: 8'' ;serial No: 24664; NSX:WEIR) | D15: ='hsmt v2'!M112 -> 34020000 | E15: ='hsmt v2'!Y112 -> WEIR/ Hàn Quốc | F15: OK | G15: Không yêu cầu CO, CQ | H15: Bổ sung lý do vì sao là hàng nhập khẩu nhưng ko yêu cầu CO, CQ
A16: 2 | B16: ='hsmt v2'!C7 -> Quạt hút tủ điện SNUON 300x300mm | C16: ='hsmt v2'!D7 -> Quạt hút tủ điện SNUON 300x300mm: Điện áp: 200V – 240V Hãng: SNUON Kích thước: 300x300x38mm Tốc độ: 2800-3250rpm Cánh quạt làm bằng nhựa Plastic cao cấp Khung quạt làm bằng kim loại: Chắc chắn | D16: ='hsmt v2'!M7 -> 33102000 | E16: ='hsmt v2'!Y7 -> SNUON/ Thái Lan | F16: OK | G16: Không yêu cầu CO, CQ | H16: Bổ sung lý do vì sao là hàng nhập khẩu nhưng ko yêu cầu CO, CQ
A17: 139 | B17: ='hsmt v2'!C212 -> Vòng phớt làm kín/ U seal pos 09 sử dụng cho van serial no: 24648 | C17: ='hsmt v2'!D212 -> Vòng phớt làm kín (U seal carbon) pos 09 (sử dụng cho van BV990 class 1500, body size 6'' NSX : WEIR; van có serial NO: 24648) | D17: ='hsmt v2'!M212 -> 31339872 | E17: ='hsmt v2'!Y212 -> WEIR/ Hàn Quốc | F17: OK | G17: Không yêu cầu CO, CQ | H17: Bổ sung lý do vì sao là hàng nhập khẩu nhưng ko yêu cầu CO, CQ
A18: 11 | B18: ='hsmt v2'!C16 -> Van điện từ/ Solenoid valve | C18: ='hsmt v2'!D16 -> Van điện từ/ Solenoid valve: - Model: 8316P066 - Voltage: 110-240VAC 50Hz, 2W - Inert gas: 10-250 psi Manufacturer: ASCO | D18: ='hsmt v2'!M16 -> 30996000 | E18: ='hsmt v2'!Y16 -> ASCO/ Singapore | F18: OK | G18: Không yêu cầu CO, CQ | H18: Bổ sung lý do vì sao là hàng nhập khẩu nhưng ko yêu cầu CO, CQ
A19: 156 | B19: ='hsmt v2'!C255 -> Lõi lọc trước (Pre filter element) FR12-010P-F | C19: ='hsmt v2'!$D$255 -> Lõi lọc trước/ Pre filter element FR12-010P-F Maker: SANMI | D19: ='hsmt v2'!$M$255 -> 30758400 | E19: ='hsmt v2'!Y255 -> SANMI/ Đức | F19: OK | G19: Không yêu cầu CO, CQ | H19: Bổ sung lý do vì sao là hàng nhập khẩu nhưng ko yêu cầu CO, CQ
A20: 118 | B20: ='hsmt v2'!C172 -> Nhựa tấm teflon (PTFE tấm), KT: 1000mmx2000mmx04mm | C20: ='hsmt v2'!D172 -> Nhựa tấm teflon (PTFE tấm), KT: 1000mmx2000mmx04mm | D20: ='hsmt v2'!M172 -> 29762640 | E20: ='hsmt v2'!Y172 -> Wenzhou/ Trung Quốc | F20: OK | G20: Không yêu cầu CO, CQ | H20: Bổ sung lý do vì sao là hàng nhập khẩu nhưng ko yêu cầu CO, CQ
A21: 16 | B21: ='hsmt v2'!C25 -> Phớt chắn dầu /Oil seal, KT: 60x70x7mm | C21: ='hsmt v2'!D25 -> Phớt chắn dầu / Oil seal: - Kích thước: 60x70x7 - Loại: K21 - Vật liệu: NBR - Order code: K21-060/7 - Nhiệt độ hoạt động: 105 oC - Áp suất tối đa: 150 bar - Nhà sản xuất: Kastas | D21: ='hsmt v2'!M25 -> 29160000 | E21: ='hsmt v2'!Y25 -> Katas/ Trung Quốc | F21: OK | G21: Không yêu cầu CO, CQ | H21: Bổ sung lý do vì sao là hàng nhập khẩu nhưng ko yêu cầu CO, CQ
A22: 63 | B22: ='hsmt v2'!C80 -> Bạc đạn (read beaing) pos 5, sử dụng cho bơm EH có Model: MKV-23ME-RFA | C22: ='hsmt v2'!D80 -> Bạc đạn (read beaing) pos 5, part no: YA3202-017-0, Dw no: DA2301-179-0, (sử dụng cho bơm EH có Model: MKV-23ME-RFA, NSX: Mitsubishi) | D22: ='hsmt v2'!M80 -> 29160000 | E22: ='hsmt v2'!Y80 -> Mitsubishi/ Trung Quốc | F22: OK | G22: Không yêu cầu CO, CQ | H22: Bổ sung lý do vì sao là hàng nhập khẩu nhưng ko yêu cầu CO, CQ
A23: 17 | B23: ='hsmt v2'!C26 -> Phớt piston /Piston seal, KT: 85x100x9mm | C23: ='hsmt v2'!D26 -> Phớt piston / Piston seal - Kích thước: 85x100x9 - Loại: K21 - Vật liệu: NBR - Order code: K21-085/8 - Nhiệt độ hoạt động: 105°C - Áp suất tối đa: 150 bar - Nhà sản xuất: Kastas | D23: ='hsmt v2'!M26 -> 27000000 | E23: ='hsmt v2'!Y26 -> Katas/ Trung Quốc | F23: OK | G23: Không yêu cầu CO, CQ | H23: Bổ sung lý do vì sao là hàng nhập khẩu nhưng ko yêu cầu CO, CQ
A24: 159 | B24: ='hsmt v2'!C261 -> Bộ truyền động/Pneummatic Actuator, Model: DA92 | C24: ='hsmt v2'!D261 -> Bộ truyền động/Pneummatic Actuator: - Manufacture: ASBG - Model: DA92 - Air pressure range (bar): 3 - 8 bar | D24: ='hsmt v2'!M261 -> 27000000 | E24: ='hsmt v2'!Y261 -> ASBG/ Đức | F24: OK | G24: Không yêu cầu CO, CQ | H24: Bổ sung lý do vì sao là hàng nhập khẩu nhưng ko yêu cầu CO, CQ
A25: 101 | B25: ='hsmt v2'!C150 -> Vòng đệm tròn làm kín/seat spacer gasket pos 12, sử dụng cho van serial no: 24638 | C25: ='hsmt v2'!D150 -> Vòng đệm tròn làm kín/Seat spacer gasket pos 12 (sử dụng cho van BV 500; class 150# body size: 4''; serial No: 24638; NSX:WEIR) | D25: ='hsmt v2'!M150 -> 25283664 | E25: ='hsmt v2'!Y150 -> WEIR/ Hàn Quốc | F25: OK | G25: Không yêu cầu CO, CQ | H25: Bổ sung lý do vì sao là hàng nhập khẩu nhưng ko yêu cầu CO, CQ
A26: 102 | B26: ='hsmt v2'!C151 -> Vòng đệm tròn làm kín/ cage spacer gasket pos 14, sử dụng cho van serial no: 24638 | C26: ='hsmt v2'!D151 -> Vòng đệm tròn làm kín/Cage spacer gasket pos 14 (sử dụng cho van BV 500 ; class 150# body size: 4'' ;serial No: 24638; NSX:WEIR) | D26: ='hsmt v2'!M151 -> 25283664 | E26: ='hsmt v2'!Y151 -> WEIR/ Hàn Quốc | F26: OK | G26: Không yêu cầu CO, CQ | H26: Bổ sung lý do vì sao là hàng nhập khẩu nhưng ko yêu cầu CO, CQ
A27: 140 | B27: ='hsmt v2'!C213 -> Vòng đệm làm kín/ bonnet gasket pos 14 sử dụng cho van serial no: 24648 | C27: ='hsmt v2'!D213 -> Vòng đệm làm kín/ bonnet gasket pos 14 (sử dụng cho van BV990 class 1500, body size 6'' NSX: WEIR; van có serial NO: 24648) | D27: ='hsmt v2'!M213 -> 25002000 | E27: ='hsmt v2'!Y213 -> WEIR/ Hàn Quốc | F27: OK | G27: Không yêu cầu CO, CQ | H27: Bổ sung lý do vì sao là hàng nhập khẩu nhưng ko yêu cầu CO, CQ
A28: 152 | B28: ='hsmt v2'!C248 -> Bộ điều khiển/Digital controller | C28: ='hsmt v2'!D248 -> Bộ điều khiển/Digital controller: - Model: DFIC-4P - Display: 5-Digit 8.0mm (0.315 Inch) High 7-Segment L.E.D - Power supply: 100~240VAC 50/60Hz - Contact rate main: 5A 250V a.c - Compatible sensor: Transmitter - Operating Temperature: 0℃ ~ 60℃ - Power to transmitter: 24 VDC, 59mA - Display Update Rate: 0.25 Sec - Resolution: 8 Bit - Dimensions: 87mm (W) , 155mm (H) , 69mm (D) - Input signal: Analog 4~20mA - Output: Relay 4 ea, 4~20mA - Accuracy: ≤0.5% - Remark: 4 respective relay - Manufacturer: Daehan | D28: ='hsmt v2'!M248 -> 24516000 | E28: ='hsmt v2'!Y248 -> Daehan/ Hàn Quốc | F28: OK | G28: Không yêu cầu CO, CQ | H28: Bổ sung lý do vì sao là hàng nhập khẩu nhưng ko yêu cầu CO, CQ
A29: 103 | B29: ='hsmt v2'!C152 -> Vòng làm kín/ U seal pos 15 sử dụng cho van BV500 serial no: 24638 | C29: ='hsmt v2'!D152 -> Vòng làm kín/U Seal pos 15 (sử dụng cho van BV 500; class 150# body size: 4'' ;serial No: 24638; NSX:WEIR) | D29: ='hsmt v2'!M152 -> 24077088 | E29: ='hsmt v2'!Y152 -> WEIR/ Hàn Quốc | F29: OK | G29: Không yêu cầu CO, CQ | H29: Bổ sung lý do vì sao là hàng nhập khẩu nhưng ko yêu cầu CO, CQ
A30: 89 | B30: ='hsmt v2'!C133 -> Chèn làm kín/packing pos 18, sử dụng cho van tái tuần hoàn nước ngưng serial no: 24640 | C30: ='hsmt v2'!D133 -> Chèn làm kín (packing PTFE) pos 18 (sử dụng cho van tái tuần hoàn nước ngưng có model BV500 class 300 ,body size 8'' NSX: WEIR; serial NO: 24640) | D30: ='hsmt v2'!M133 -> 23220000 | E30: ='hsmt v2'!Y133 -> WEIR/ Hàn Quốc | F30: OK | G30: Không yêu cầu CO, CQ | H30: Bổ sung lý do vì sao là hàng nhập khẩu nhưng ko yêu cầu CO, CQ
A31: 142 | B31: ='hsmt v2'!C215 -> Vòng đệm làm kín/ seat gasket pos 16 sử dụng cho van serial no: 24648 | C31: ='hsmt v2'!D215 -> Vòng đệm làm kín/ seat gaske pos 16 (sử dụng cho van BV990 class 1500, body size 6'' NSX: WEIR; van có serial NO: 24648) | D31: ='hsmt v2'!M215 -> 23112000 | E31: ='hsmt v2'!Y215 -> WEIR/ Hàn Quốc | F31: OK | G31: Không yêu cầu CO, CQ | H31: Bổ sung lý do vì sao là hàng nhập khẩu nhưng ko yêu cầu CO, CQ
A32: 21 | B32: ='hsmt v2'!C30 -> Bộ chỉnh áp điều chỉnh khí nén (Air regulator) | C32: ='hsmt v2'!D30 -> Bộ chỉnh áp điều chỉnh khí nén (Air regulator) Model: YT-200BN221 Air Connection: NPT 1/4 Adjust Range: 0 - 8.4 bar Gauges: one Max. Supply: 1.7 Mpa Bao gồm đồng hồ NSX: Rotork YTC | D32: ='hsmt v2'!M30 -> 22161600 | E32: ='hsmt v2'!Y30 -> Rotork YTC/ Hàn Quốc | F32: OK | G32: Không yêu cầu CO, CQ | H32: Bổ sung lý do vì sao là hàng nhập khẩu nhưng ko yêu cầu CO, CQ
A33: 12 | B33: ='hsmt v2'!C21 -> Floating Labyrinth Seals/ chèn dầu ổ trục động cơ | C33: ='hsmt v2'!D21 -> Floating Labyrinth Seals/ chèn dầu ổ trục động cơ - Dimensions: D: 200mm, d1: 220mm, d2:230mm, d3: 222mm, d4: 232mm, garter spring: ∅5x1, length: 651mm - Material: Plyimide - Color: Amber NSX: RENK hoặc tương đương | D33: ='hsmt v2'!M21 -> 21600000 | E33: ='hsmt v2'!Y21 -> RENK/ Trung Quốc | F33: OK | G33: Không yêu cầu CO, CQ | H33: Bổ sung lý do vì sao là hàng nhập khẩu nhưng ko yêu cầu CO, CQ
A34: 162 | B34: ='hsmt v2'!C269 -> Gasket làm kín cho bơm nhớt/ Wear gasket Ø15xØ39x75x1.5mm Item 31 sử dụng cho lọc nhớt ly tâm BFPT | C34: ='hsmt v2'!D269 -> Gasket làm kín cho bơm nhớt/ Wear gasket Ø15xØ39x75x1.5mm Item 31 sử dụng cho lọc nhớt ly tâm BFPT, Part no: 535743-02 Model bộ lọc nhớt: MAB-103B-24, bản vẽ: feed and discharge pump, Nhà SX: Alfa Laval/tương đương | D34: ='hsmt v2'!M269 -> 21600000 | E34: ='hsmt v2'!Y269 -> Alfa Laval/ Trung Quốc | F34: OK | G34: Không yêu cầu CO, CQ | H34: Bổ sung lý do vì sao là hàng nhập khẩu nhưng ko yêu cầu CO, CQ
A35: 33 | B35: ='hsmt v2'!C42 -> Cover Plate (thanh L chắn than 2 bên con lăn) Iterm NO: 4-8 | C35: ='hsmt v2'!D42 -> Cover Plate (thanh L chắn than 2 bên con lăn) Iterm NO: 4-8 DWG No: 006705-01-4 Material: A36 or SS400 Specification: L90x90x7t-470L | D35: ='hsmt v2'!M42 -> 20736000 | E35: ='hsmt v2'!Y42 -> Loesche/ Trung Quốc | F35: OK | G35: Không yêu cầu CO, CQ | H35: Bổ sung lý do vì sao là hàng nhập khẩu nhưng ko yêu cầu CO, CQ
A36: 34 | B36: ='hsmt v2'!C43 -> Cover Plate (thanh L chắn than 2 bên con lăn) Iterm NO: 4-9 | C36: ='hsmt v2'!D43 -> Cover Plate (thanh L chắn than 2 bên con lăn) Iterm NO: 4-9 DWG No: 006703-01-4 Material: A36 or SS400 Specification: L90x90x7t-470L | D36: ='hsmt v2'!M43 -> 20736000 | E36: ='hsmt v2'!Y43 -> Loesche/ Trung Quốc | F36: OK | G36: Không yêu cầu CO, CQ | H36: Bổ sung lý do vì sao là hàng nhập khẩu nhưng ko yêu cầu CO, CQ
A37: 175 | B37: ='hsmt v2'!C298 -> Kẹp kết nối chữ C cho dây tiết diện 150mm2 | C37: ='hsmt v2'!$D$298 -> Kẹp kết nối chữ C cho dây tiết diện 150mm2, chất liệu đồng | D37: ='hsmt v2'!$M$298 -> 20255400 | E37: ='hsmt v2'!Y298 -> Việt Nam | F37: sai | G37: Không yêu cầu CO, CQ | H37: Là hàng việt Nam, <50 triệu, nêu rõ quy nào giúp hướng dẫn không CO/CQ mà vẫn xác định được chính hãng như nhà thầu chào
A38: 35 | B38: ='hsmt v2'!C44 -> Cover Plate (thanh L chắn than 2 bên con lăn) Iterm NO: 4-10 | C38: ='hsmt v2'!D44 -> Cover Plate (thanh L chắn than 2 bên con lăn) Iterm NO: 4-10 DWG No: 006704-01-4 Material: A36 or SS400 Specification: L90x90x7t-432L | D38: ='hsmt v2'!M44 -> 20088000 | E38: ='hsmt v2'!Y44 -> Loesche/ Trung Quốc | F38: OK | G38: Không yêu cầu CO, CQ | H38: Bổ sung lý do vì sao là hàng nhập khẩu nhưng ko yêu cầu CO, CQ
A39: 36 | B39: ='hsmt v2'!C45 -> Cover Plate (thanh L chắn than 2 bên con lăn) Iterm NO: 4-11 | C39: ='hsmt v2'!D45 -> Cover Plate (thanh L chắn than 2 bên con lăn) Iterm NO: 4-11 DWG No: 006706-01-4 Material: A36 or SS400 Specification: L90x90x7t-432L | D39: ='hsmt v2'!M45 -> 20088000 | E39: ='hsmt v2'!Y45 -> Loesche/ Trung Quốc | F39: OK | G39: Không yêu cầu CO, CQ | H39: Bổ sung lý do vì sao là hàng nhập khẩu nhưng ko yêu cầu CO, CQ
A40: 14 | B40: ='hsmt v2'!C23 -> Thép tấm hardox 500, KT: 1000mmx3000mmx6mm | C40: ='hsmt v2'!D23 -> Thép tấm hardox 500, KT: 1000mmx3000mmx6mm | D40: ='hsmt v2'!M23 -> 19980000 | E40: ='hsmt v2'!Y23 -> Baosteel/ Trung Quốc | F40: OK | G40: Không yêu cầu CO, CQ | H40: Bổ sung lý do vì sao là hàng nhập khẩu nhưng ko yêu cầu CO, CQ
A41: 72 | B41: ='hsmt v2'!C97 -> Vòng đệm tròn làm kín/Oring first (nbr) pos 332, sử dụng cho Bơm nước ngưng | C41: ='hsmt v2'!D97 -> Vòng đệm tròn làm kín /o ring first (nbr )(pos 332) sử dụng cho bơm nước ngưng có Model VCP350/7S , Drawing no: VT4-YK09-P1LCB-120001 NSX: Hyosung | D41: ='hsmt v2'!M97 -> 19872000 | E41: ='hsmt v2'!Y97 -> Hyosung/ Hàn Quốc | F41: OK | G41: Không yêu cầu CO, CQ | H41: Bổ sung lý do vì sao là hàng nhập khẩu nhưng ko yêu cầu CO, CQ
A42: 62 | B42: ='hsmt v2'!C79 -> Bạc đạn (roller bearing) pos 2, sử dụng cho bơm EH có Model: MKV-23ME-RFA | C42: ='hsmt v2'!D79 -> Bạc đạn (roller bearing) pos 2, part no: YA3206-050-0, Dw no: DA2301-179-0, (sử dụng cho bơm EH có Model: MKV-23ME-RFA, NSX: Mitsubishi) | D42: ='hsmt v2'!M79 -> 19224000 | E42: ='hsmt v2'!Y79 -> Mitsubishi/ Trung Quốc | F42: OK | G42: Không yêu cầu CO, CQ | H42: Bổ sung lý do vì sao là hàng nhập khẩu nhưng ko yêu cầu CO, CQ
A43: 119 | B43: ='hsmt v2'!C174 -> Chèn Gasket Tombo 1995, KT: 1270mmx1270mmx3mm | C43: ='hsmt v2'!D174 -> Tấm gasket Tombo T 1995, kích thước: 1270x1270x3mm | D43: ='hsmt v2'!M174 -> 18066240 | E43: ='hsmt v2'!Y174 -> NICHIAS/ Nhật Bản | F43: OK | G43: Không yêu cầu CO, CQ | H43: Bổ sung lý do vì sao là hàng nhập khẩu nhưng ko yêu cầu CO, CQ
A44: 50 | B44: ='hsmt v2'!C67 -> Gasket Chesterton SWG size 16"x300#, 316L/316L/FG | C44: ='hsmt v2'!D67 -> Vòng đệm làm kín (Spiral Wound Gasket) 16’’ class 300, SUS304 ASME B 1620. | D44: ='hsmt v2'!M67 -> 17725392 | E44: ='hsmt v2'!Y67 -> Chesterton/ Mỹ | F44: OK | G44: Không yêu cầu CO, CQ | H44: Bổ sung lý do vì sao là hàng nhập khẩu nhưng ko yêu cầu CO, CQ
A45: 3 | B45: ='hsmt v2'!C8 -> Ổ cứng SSD Samsung 870 Evo 1TB | C45: ='hsmt v2'!D8 -> SSD Samsung 870 Evo 1TB Kích thước: 2.5-Inch SATA III MZ-77E1T0BW | D45: ='hsmt v2'!M8 -> 16217280 | E45: ='hsmt v2'!Y8 -> Samsung/ Hàn Quốc | F45: OK | G45: Không yêu cầu CO, CQ | H45: Bổ sung lý do vì sao là hàng nhập khẩu nhưng ko yêu cầu CO, CQ
A46: 81 | B46: ='hsmt v2'!C118 -> Đường ống, KT: DN80 SMLS, S-10S. | C46: ='hsmt v2'!D118 -> Đường ống DN80 SMLS, S-10S. Vật liệu: ASTM A790 UNS S31803 | D46: ='hsmt v2'!M118 -> 16200000 | E46: ='hsmt v2'!Y118 -> Baosteel/ Trung Quốc | F46: OK | G46: Không yêu cầu CO, CQ | H46: Bổ sung lý do vì sao là hàng nhập khẩu nhưng ko yêu cầu CO, CQ
A47: 4 | B47: ='hsmt v2'!C9 -> Công tắc (Switch) Model: DZ-10GW-1B | C47: ='hsmt v2'!D9 -> Công tắc (Switch) Model: DZ-10GW-1B Điện áp max: 250 VAC/VDC Dòng điện định mức: 10A Số công tắc: DPDT NSX: Omron | D47: ='hsmt v2'!M9 -> 16146000 | E47: ='hsmt v2'!Y9 -> Omron/ Trung Quốc | F47: OK | G47: Không yêu cầu CO, CQ | H47: Bổ sung lý do vì sao là hàng nhập khẩu nhưng ko yêu cầu CO, CQ
A48: 173 | B48: ='hsmt v2'!C284 -> Bộ nguồn AC/DC | C48: ='hsmt v2'!$D$284 -> - Điện áp vào (Input): 100 – 240V AC (hoặc 90 – 350V DC). - Tần số: 50/60 Hz. - Điện áp ra (Output): 24V DC. - Công suất: ≥ 60W. - Lắp đặt: thanh ray DIN tiêu chuẩn, kết nối đầu vít. - Chức năng bảo vệ: quá tải, quá áp, ngắn mạch. | D48: ='hsmt v2'!$M$284 -> 16038000 | E48: ='hsmt v2'!Y284 -> S8VK/ Omron/ Trung Quốc | F48: OK | G48: Không yêu cầu CO, CQ | H48: Bổ sung lý do vì sao là hàng nhập khẩu nhưng ko yêu cầu CO, CQ
A49: 154 | B49: ='hsmt v2'!C250 -> Gudong M39x250x3mm | C49: ='hsmt v2'!D250 -> Gudong M39x250x3mm ( 2 long đền + 2 đai ốc), vật liệu: Thép mạ kẽm | D49: ='hsmt v2'!M250 -> 15768000 | E49: ='hsmt v2'!Y250 -> Mecsu/ Việt Nam | F49: sai | G49: Không yêu cầu CO, CQ | H49: Là hàng việt Nam, <50 triệu, nêu rõ quy nào giúp hướng dẫn không CO/CQ mà vẫn xác định được chính hãng như nhà thầu chào
A50: 76 | B50: ='hsmt v2'!C105 -> Vòng đệm làm kín/ Spiral wound Gasket | C50: ='hsmt v2'!D105 -> Vòng đệm làm kín Spiral wound Gasket AWC SGI (graphite + ss304) 1/2", class 300# | D50: ='hsmt v2'!M105 -> 15654600 | E50: ='hsmt v2'!Y105 -> HTC/ Trung Quốc | F50: OK | G50: Không yêu cầu CO, CQ | H50: Bổ sung lý do vì sao là hàng nhập khẩu nhưng ko yêu cầu CO, CQ
A51: 178 | B51: ='hsmt v2'!C304 -> Kẹp kết nối chữ C cho dây tiết diện 240mm2 | C51: ='hsmt v2'!$D$304 -> Kẹp kết nối chữ C cho dây tiết diện 240mm2, chất liệu đồng | D51: ='hsmt v2'!$M$304 -> 15055200 | E51: ='hsmt v2'!Y304 -> Việt Nam | F51: sai | G51: Không yêu cầu CO, CQ | H51: Là hàng việt Nam, <50 triệu, nêu rõ quy nào giúp hướng dẫn không CO/CQ mà vẫn xác định được chính hãng như nhà thầu chào
A52: 74 | B52: ='hsmt v2'!C103 -> Gasket Chesterton SWG size 1"x150#, 316L/316L/FG | C52: ='hsmt v2'!D103 -> Gasket Chesterton SWG size 1"x150#, 316L/316L/FG | D52: ='hsmt v2'!M103 -> 15049800 | E52: ='hsmt v2'!Y103 -> HTC/ Trung Quốc | F52: OK | G52: Không yêu cầu CO, CQ | H52: Bổ sung lý do vì sao là hàng nhập khẩu nhưng ko yêu cầu CO, CQ
A53: 75 | B53: ='hsmt v2'!C104 -> Gasket Chesterton SWG size 1"x300#, 316L/316L/FG | C53: ='hsmt v2'!D104 -> Gasket Chesterton SWG size 1"x300#, 316L/316L/FG | D53: ='hsmt v2'!M104 -> 14808960 | E53: ='hsmt v2'!Y104 -> HTC/ Trung Quốc | F53: OK | G53: Không yêu cầu CO, CQ | H53: Bổ sung lý do vì sao là hàng nhập khẩu nhưng ko yêu cầu CO, CQ, Không yêu cầu CO/CQ thì có biện pháp nào thay thế để chứng minh nguồn gốc hợp pháp và chính hãng?
A54: 172 | B54: ='hsmt v2'!C281 -> Công tắc hành trình | C54: ='hsmt v2'!D281 -> Công tắc hành trình Model: XCK-J.C (ZCKE09C / ZCKY71C / ZCKJ1H29C) Loại tiếp điểm: 1NO + 1NC Dòng điện: 3A Điện áp: 240VAC Nhãn hiệu: Telemecanique - HSX: Schneider Electric (Telemecanique) | D54: ='hsmt v2'!M281 -> 14472000 | E54: ='hsmt v2'!Y281 -> Telemecanique Sensor/ Trung Quốc | F54: OK | G54: Không yêu cầu CO, CQ | H54: Bổ sung lý do vì sao là hàng nhập khẩu nhưng ko yêu cầu CO, CQ, Không yêu cầu CO/CQ thì có biện pháp nào thay thế để chứng minh nguồn gốc hợp pháp và chính hãng?
A55: 61 | B55: ='hsmt v2'!C78 -> Phốt chặn dầu (Oil seal) pos 35, sử dụng cho bơm EH có Model: MKV-23ME-RFA | C55: ='hsmt v2'!D78 -> Phốt chặn dầu (Oil seal) pos 35, part no: YA9101-045-0, Dw no: DA2301-179-0, (sử dụng cho bơm EH có Model: MKV-23ME-RFA, NSX: Mitsubishi) | D55: ='hsmt v2'!M78 -> 13392000 | E55: ='hsmt v2'!Y78 -> Mitsubishi/ Trung Quốc | F55: OK | G55: Không yêu cầu CO, CQ | H55: Bổ sung lý do vì sao là hàng nhập khẩu nhưng ko yêu cầu CO, CQ, Không yêu cầu CO/CQ thì có biện pháp nào thay thế để chứng minh nguồn gốc hợp pháp và chính hãng?
A56: 65 | B56: ='hsmt v2'!C82 -> Vòng đệm tròn làm kín (back up ring) pos 60, sử dụng cho bơm EH có Model: MKV-23ME-RFA | C56: ='hsmt v2'!D82 -> Vòng đệm tròn làm kín (back up ring) pos 60, part no: YA9103-033-0, Dw no: DA2301-179-0, (sử dụng cho bơm EH có Model: MKV-23ME-RFA, NSX: Mitsubishi) | D56: ='hsmt v2'!M82 -> 12960000 | E56: ='hsmt v2'!Y82 -> Mitsubishi/ Trung Quốc | F56: OK | G56: Không yêu cầu CO, CQ | H56: Bổ sung lý do vì sao là hàng nhập khẩu nhưng ko yêu cầu CO, CQ, Không yêu cầu CO/CQ thì có biện pháp nào thay thế để chứng minh nguồn gốc hợp pháp và chính hãng?
A57: 122 | B57: ='hsmt v2'!C177 -> Vòng chèn/ Sealing ring, tag no: 5-4493-1300-03 | C57: ='hsmt v2'!D177 -> Vòng chèn/ Sealing ring, tag no: 5-4493-1300-03, sử dụng cho Tuabin bơm cấp kiểu NK63/71 thông số kỹ thuật (Spec): D220x240.7x8.1(mm) NSX: HTC | D57: ='hsmt v2'!M177 -> 12960000 | E57: ='hsmt v2'!Y177 -> HTC/ Trung Quốc | F57: OK | G57: Không yêu cầu CO, CQ | H57: Bổ sung lý do vì sao là hàng nhập khẩu nhưng ko yêu cầu CO, CQ, Không yêu cầu CO/CQ thì có biện pháp nào thay thế để chứng minh nguồn gốc hợp pháp và chính hãng?
A58: 144 | B58: ='hsmt v2'!C235 -> Vòng đệm tròn làm kín/O-ring pos 273-05 sử dụng cho bơm Pump Type: VMF2100-1700C | C58: ='hsmt v2'!$D$235 -> Vòng đệm tròn làm kín (O-ring) pos 273-05, Material (NBR JOURNAL HOUSING), (sử dụng cho bơm Pump Type: VMF2100-1700C, NSX: Hyosung) | D58: ='hsmt v2'!$M$235 -> 12960000 | E58: ='hsmt v2'!Y235 -> Hyosung/ Hàn Quốc | F58: OK | G58: Không yêu cầu CO, CQ | H58: Bổ sung lý do vì sao là hàng nhập khẩu nhưng ko yêu cầu CO, CQ, Không yêu cầu CO/CQ thì có biện pháp nào thay thế để chứng minh nguồn gốc hợp pháp và chính hãng?
A59: 153 | B59: ='hsmt v2'!C249 -> Gudong M33x250x3mm | C59: ='hsmt v2'!D249 -> Gudong M33x250x3mm ( 2 long đền + 2 đai ốc), vật liệu: Thép mạ kẽm | D59: ='hsmt v2'!M249 -> 12096000 | E59: ='hsmt v2'!Y249 -> Mecsu/ Việt Nam | F59: sai | G59: Không yêu cầu CO, CQ | H59: Là hàng việt Nam, <50 triệu, nêu rõ quy nào giúp hướng dẫn không CO/CQ mà vẫn xác định được chính hãng như nhà thầu chào
A60: 150 | B60: ='hsmt v2'!C246 -> Bu lông Inox 316 M16x60 (đai ốc+lông đền) | C60: ='hsmt v2'!D246 -> Bu lông + đai ốcA4 - 316 L Chịu lực 800N/mm2 M16x60 | D60: ='hsmt v2'!M246 -> 11880000 | E60: ='hsmt v2'!Y246 -> Mecsu/ Việt Nam | F60: sai | G60: Không yêu cầu CO, CQ | H60: Là hàng việt Nam, <50 triệu, nêu rõ quy nào giúp hướng dẫn không CO/CQ mà vẫn xác định được chính hãng như nhà thầu chào
A61: 168 | B61: ='hsmt v2'!C276 -> Bộ nguồn PSU, mã thiết bị: QUINT-PS/1AC/24DC/20 | C61: ='hsmt v2'!D276 -> Bộ nguồn PSU. Mã thiết bị: QUINT-PS/1AC/24DC/20 Input: 120-230 V AC 110-220 V DC Output: 24 V DC/20 A | D61: ='hsmt v2'!M276 -> 11880000 | E61: ='hsmt v2'!Y276 -> Phoenix Contact/ Trung Quốc | F61: OK | G61: Không yêu cầu CO, CQ | H61: Bổ sung lý do vì sao là hàng nhập khẩu nhưng ko yêu cầu CO, CQ, Không yêu cầu CO/CQ thì có biện pháp nào thay thế để chứng minh nguồn gốc hợp pháp và chính hãng?
A62: 23 | B62: ='hsmt v2'!C32 -> Van giảm âm hệ thống khí nén chống tắt than Silo | C62: ='hsmt v2'!D32 -> Van giảm âm hệ thống khí nén chống tắt than Silo '- Mã: AMTE-M-H-G12, Part number: 1206625, áp suất: 0-10bar, Đầu kết nối: G1/2, Vật liệu: Bronze. - NSX: Festo | D62: ='hsmt v2'!M32 -> 11430720 | E62: ='hsmt v2'!Y32 -> Festo/ Trung Quốc | F62: OK | G62: Không yêu cầu CO, CQ | H62: Bổ sung lý do vì sao là hàng nhập khẩu nhưng ko yêu cầu CO, CQ, Không yêu cầu CO/CQ thì có biện pháp nào thay thế để chứng minh nguồn gốc hợp pháp và chính hãng?
A63: 32 | B63: ='hsmt v2'!C41 -> Bu lông thép đen M16x60mm | C63: ='hsmt v2'!D41 -> Bu lông thép đen M16x60mm + đai ốc + Lông đền thẳng + Lông đền vuông | D63: ='hsmt v2'!M41 -> 10964160 | E63: ='hsmt v2'!Y41 -> An Phong/ Việt Nam | F63: sai | G63: Không yêu cầu CO, CQ | H63: Là hàng việt Nam, <50 triệu, nêu rõ quy nào giúp hướng dẫn không CO/CQ mà vẫn xác định được chính hãng như nhà thầu chào
A64: 158 | B64: ='hsmt v2'!C260 -> Van điện từ/ Solenoid valve | C64: ='hsmt v2'!D260 -> Van điện từ/ Solenoid valve: - Model: PHS520D-02 - Fluid: Non-lubricated / Lubricated Air - Port size: PT 1/4" - Temperature range: 5 ~ 60oC - Pressure range: 1.0 ~ 9.0 kgf/ cm2 - Response time (ms): 20 or less - Voltage: 24VDC - Allowable voltage fluctuation: +- 10% - Power consumption: 2.6W - Indicator light: LED - Manufacturer: Parker | D64: ='hsmt v2'!M260 -> 10800000 | E64: ='hsmt v2'!Y260 -> Parker/ Hàn Quốc | F64: OK | G64: Không yêu cầu CO, CQ | H64: Bổ sung lý do vì sao là hàng nhập khẩu nhưng ko yêu cầu CO, CQ, Không yêu cầu CO/CQ thì có biện pháp nào thay thế để chứng minh nguồn gốc hợp pháp và chính hãng?
A65: 120 | B65: ='hsmt v2'!C175 -> Sealing ring / Vòng đệm 5-7429-0100-00 sử dụng cho Tuabin bơm cấp | C65: ='hsmt v2'!D175 -> Sealing ring / Vòng đệm 5-7429-0100-00 sử dụng cho Tuabin bơm cấp kiểu NK63/71, NSX: HTC | D65: ='hsmt v2'!M175 -> 10692000 | E65: ='hsmt v2'!Y175 -> HTC/ Trung Quốc | F65: OK | G65: Không yêu cầu CO, CQ | H65: Bổ sung lý do vì sao là hàng nhập khẩu nhưng ko yêu cầu CO, CQ, Không yêu cầu CO/CQ thì có biện pháp nào thay thế để chứng minh nguồn gốc hợp pháp và chính hãng?
A66: 170 | B66: ='hsmt v2'!C278 -> Công tắc áp suất 0184-457031-SS | C66: ='hsmt v2'!D278 -> Mã hiệu: 0184-457031-SS Kết nối: G ¼” BSP Dải đo: 5 bar Tiếp điểm: tối đa 250VAC/4A Nhà sản xuất: SUCO | D66: ='hsmt v2'!M278 -> 10584000 | E66: ='hsmt v2'!Y278 -> Suco/ Nhật Bản | F66: OK | G66: Không yêu cầu CO, CQ | H66: Bổ sung lý do vì sao là hàng nhập khẩu nhưng ko yêu cầu CO, CQ, Không yêu cầu CO/CQ thì có biện pháp nào thay thế để chứng minh nguồn gốc hợp pháp và chính hãng?
A67: 107 | B67: ='hsmt v2'!C160 -> Bulong lục giác chìm đầu trụ, M30 x 100 | C67: ='hsmt v2'!D160 -> Bulong lục giác chìm đầu trụ, M30 x 100 , vật liệu : 410, chiều dài bước ren 70mm | D67: ='hsmt v2'!M160 -> 10476000 | E67: ='hsmt v2'!Y160 -> Mecsu/ Việt Nam | F67: sai | G67: Không yêu cầu CO, CQ | H67: Là hàng việt Nam, <50 triệu, nêu rõ quy nào giúp hướng dẫn không CO/CQ mà vẫn xác định được chính hãng như nhà thầu chào
A68: 171 | B68: ='hsmt v2'!C280 -> Công tắc hành trình | C68: ='hsmt v2'!D280 -> Công tắc hành trình Model: XCK-J10559 Loại tiếp điểm: 1NO + 1NC Dòng điện: 3A Điện áp: 240VAC Nhãn hiệu: Telemecanique - HSX: Schneider Electric (Telemecanique) | D68: ='hsmt v2'!M280 -> 10368000 | E68: ='hsmt v2'!Y280 -> Telemecanique Sensor/ Trung Quốc | F68: OK | G68: Không yêu cầu CO, CQ | H68: Bổ sung lý do vì sao là hàng nhập khẩu nhưng ko yêu cầu CO, CQ, Không yêu cầu CO/CQ thì có biện pháp nào thay thế để chứng minh nguồn gốc hợp pháp và chính hãng?
A69: 47 | B69: ='hsmt v2'!C64 -> Bulong thép đen ren suốt M20x100L, Gr 8.8, ( bulong+đai ốc+ long đền) | C69: ='hsmt v2'!D64 -> Bulong thép đen ren suốt M20x100L, Gr 8.8, ( bulong+đai ốc+ long đền) | D69: ='hsmt v2'!M64 -> 10264320 | E69: ='hsmt v2'!Y64 -> Mecsu/ Việt Nam | F69: sai | G69: Không yêu cầu CO, CQ | H69: Là hàng việt Nam, <50 triệu, nêu rõ quy nào giúp hướng dẫn không CO/CQ mà vẫn xác định được chính hãng như nhà thầu chào
A70: 116 | B70: ='hsmt v2'!C170 -> Phớt chắn bụi VA-60 | C70: ='hsmt v2'!D170 -> Phớt chắn bụi VA-60 | D70: ='hsmt v2'!M170 -> 10082880 | E70: ='hsmt v2'!Y170 -> SKF/ Trung Quốc | F70: OK | G70: Không yêu cầu CO, CQ | H70: Bổ sung lý do vì sao là hàng nhập khẩu nhưng ko yêu cầu CO, CQ, Không yêu cầu CO/CQ thì có biện pháp nào thay thế để chứng minh nguồn gốc hợp pháp và chính hãng?
A71: 141 | B71: ='hsmt v2'!C214 -> Vòng đệm làm kín/ cage gasket pos 15 sử dụng cho van serial no: 24648 | C71: ='hsmt v2'!D214 -> Vòng đệm làm kín/ cage gaket pos 15 (sử dụng cho van BV990 class 1500, body size 6'' NSX: WEIR; van có serial NO: 24648) | D71: ='hsmt v2'!M214 -> 9828000 | E71: ='hsmt v2'!Y214 -> WEIR/ Hàn Quốc | F71: OK | G71: Không yêu cầu CO, CQ | H71: Bổ sung lý do vì sao là hàng nhập khẩu nhưng ko yêu cầu CO, CQ, Không yêu cầu CO/CQ thì có biện pháp nào thay thế để chứng minh nguồn gốc hợp pháp và chính hãng?
A72: 67 | B72: ='hsmt v2'!C86 -> Bạc đạn | C72: ='hsmt v2'!D86 -> Bạc đạn 6216CM Đường kính trong (d): 80 mm Đường kính ngoài (D): 140 mm Độ dày (B): 26 mm | D72: ='hsmt v2'!M86 -> 9558000 | E72: ='hsmt v2'!Y86 -> SKF/ Đức | F72: OK | G72: Không yêu cầu CO, CQ | H72: Bổ sung lý do vì sao là hàng nhập khẩu nhưng ko yêu cầu CO, CQ, Không yêu cầu CO/CQ thì có biện pháp nào thay thế để chứng minh nguồn gốc hợp pháp và chính hãng?
A73: 113 | B73: ='hsmt v2'!C167 -> Rơ le thời gian/ Modular timing relay | C73: ='hsmt v2'!D167 -> Modular timing relay: - Model: REXL2TMP7 - rated supply voltage: 230/240VAC 50/60 Hz - rated current: 5A - HSX: Schneider Electric (Telemecanique) | D73: ='hsmt v2'!M167 -> 9504000 | E73: ='hsmt v2'!Y167 -> Telemecanique/ Trung Quốc | F73: OK | G73: Không yêu cầu CO, CQ | H73: Bổ sung lý do vì sao là hàng nhập khẩu nhưng ko yêu cầu CO, CQ, Không yêu cầu CO/CQ thì có biện pháp nào thay thế để chứng minh nguồn gốc hợp pháp và chính hãng?
A74: 15 | B74: ='hsmt v2'!C24 -> Module Analog in/out, Mác mã: XBF-AH04A, Số kênh ngõ vào/ ra tương tự: 2 kênh (-10-10 VDC, 0-20 mA) | C74: ='hsmt v2'!D24 -> Module Analog In/Out XBF-AH04A LS - Maker: LS - Model: XBF-AH04A - Type: Module Analog In/Out - Analog Input: 2 Kênh (-10-10VDC, 0-20mA) - Analog output: 2 Kênh (-10-10VDC, 0-20mA) | D74: ='hsmt v2'!M24 -> 9396000 | E74: ='hsmt v2'!Y24 -> LS/ Hàn Quốc | F74: OK | G74: Không yêu cầu CO, CQ | H74: Bổ sung lý do vì sao là hàng nhập khẩu nhưng ko yêu cầu CO, CQ, Không yêu cầu CO/CQ thì có biện pháp nào thay thế để chứng minh nguồn gốc hợp pháp và chính hãng?
A75: 45 | B75: ='hsmt v2'!C61 -> Bulong M18x100 (lông đền + đệm vênh + đai ốc), vật liệu: SS304 | C75: ='hsmt v2'!D61 -> Bulong M18x100 (lông đền + đệm vênh + đai ốc), vật liệu: SS304 Cấp bền: Gr8.8 | D75: ='hsmt v2'!M61 -> 9331200 | E75: ='hsmt v2'!Y61 -> Hải Âu/ Việt Nam | F75: sai | G75: Không yêu cầu CO, CQ | H75: Là hàng việt Nam, <50 triệu, nêu rõ quy nào giúp hướng dẫn không CO/CQ mà vẫn xác định được chính hãng như nhà thầu chào
A76: 43 | B76: ='hsmt v2'!C58 -> Dung dịch vệ sinh két làm mát A400 | C76: ='hsmt v2'!D58 -> Dung dịch vệ sinh két làm mát A400 NSX: Tập đoàn Apex | D76: ='hsmt v2'!M58 -> 9072000 | E76: ='hsmt v2'!Y58 -> Apex Chemical/ Singapore | F76: OK | G76: Không yêu cầu CO, CQ | H76: Bổ sung lý do vì sao là hàng nhập khẩu nhưng ko yêu cầu CO, CQ, Không yêu cầu CO/CQ thì có biện pháp nào thay thế để chứng minh nguồn gốc hợp pháp và chính hãng?
A77: 130 | B77: ='hsmt v2'!C185 -> Oring, KT: ID481.46x7mm | C77: ='hsmt v2'!D185 -> Vòng đệm tròn làm kín/Oring nắp: - Đường kính trong ID: 481.46 mm - Độ dày T: 7.0 mm - Chất liệu: Viton | D77: ='hsmt v2'!M185 -> 9072000 | E77: ='hsmt v2'!Y185 -> Gapi/ Ý | F77: OK | G77: Không yêu cầu CO, CQ | H77: Bổ sung lý do vì sao là hàng nhập khẩu nhưng ko yêu cầu CO, CQ, Không yêu cầu CO/CQ thì có biện pháp nào thay thế để chứng minh nguồn gốc hợp pháp và chính hãng?
A78: 19 | B78: ='hsmt v2'!C28 -> Vòng đệm KT: ID60xOD70x2mm; Vật liệu: Teflon | C78: ='hsmt v2'!D28 -> Vòng đệm - Kích thước: ID60 x OD70 x 2 - Vật liệu: Teflon | D78: ='hsmt v2'!M28 -> 9045000 | E78: ='hsmt v2'!Y28 -> NOK/ Đài Loan | F78: OK | G78: Không yêu cầu CO, CQ | H78: Bổ sung lý do vì sao là hàng nhập khẩu nhưng ko yêu cầu CO, CQ, Không yêu cầu CO/CQ thì có biện pháp nào thay thế để chứng minh nguồn gốc hợp pháp và chính hãng?
A79: 134 | B79: ='hsmt v2'!C189 -> Tấm đệm làm kín/Partition cover gasket #6 | C79: ='hsmt v2'!D189 -> Tấm đệm làm kín/ Partition cover gasket #6 (Material: graphite W/304S.S; Size: t5; Dw: VT4E-YK08-P3LAD-430001-009; Part No: 009/15) | D79: ='hsmt v2'!M189 -> 8856000 | E79: ='hsmt v2'!Y189 -> Chesterton/ Mỹ | F79: OK | G79: Không yêu cầu CO, CQ | H79: Bổ sung lý do vì sao là hàng nhập khẩu nhưng ko yêu cầu CO, CQ, Không yêu cầu CO/CQ thì có biện pháp nào thay thế để chứng minh nguồn gốc hợp pháp và chính hãng?
A80: 137 | B80: ='hsmt v2'!C192 -> Tấm đệm làm kín/Partition cover gasket #8 | C80: ='hsmt v2'!D192 -> Tấm đệm làm kín/ Partition cover gasket #8 (Material: graphite W/304S.S; Size: t5; Dw: VT4E-YK08-P3LAD-430101-009; Part No: 009/15) | D80: ='hsmt v2'!M192 -> 8856000 | E80: ='hsmt v2'!Y192 -> Chesterton/ Mỹ | F80: OK | G80: Không yêu cầu CO, CQ | H80: Bổ sung lý do vì sao là hàng nhập khẩu nhưng ko yêu cầu CO, CQ, Không yêu cầu CO/CQ thì có biện pháp nào thay thế để chứng minh nguồn gốc hợp pháp và chính hãng?
A81: 161 | B81: ='hsmt v2'!C268 -> Trục bánh răng cánh bơm nhớt/ Impeller, Item 17 sử dụng cho lọc nhớt ly tâm BFPT | C81: ='hsmt v2'!D268 -> Trục bánh răng cánh bơm nhớt/ Impeller, Item 17 sử dụng cho lọc nhớt ly tâm BFPT, Part no: 545515-02, Model bộ lọc nhớt: MAB-103B-24, bản vẽ: feed and discharge pump, Nhà SX: Alfa Laval/tương đương | D81: ='hsmt v2'!M268 -> 8800000 | E81: ='hsmt v2'!Y268 -> Alfa Laval/ Trung Quốc | F81: OK | G81: Không yêu cầu CO, CQ | H81: Bổ sung lý do vì sao là hàng nhập khẩu nhưng ko yêu cầu CO, CQ, Không yêu cầu CO/CQ thì có biện pháp nào thay thế để chứng minh nguồn gốc hợp pháp và chính hãng?
A82: 100 | B82: ='hsmt v2'!C149 -> Vòng đệm tròn cao su/O-ring, KT: 380.37x6.99mm | C82: ='hsmt v2'!D149 -> Vòng đệm tròn cao su/O-ring - Kích thước: ID380.37 x 6.99 mm - Vật liệu: Viton | D82: ='hsmt v2'!M149 -> 8748000 | E82: ='hsmt v2'!Y149 -> Gapi/ Ý | F82: OK | G82: Không yêu cầu CO, CQ | H82: Bổ sung lý do vì sao là hàng nhập khẩu nhưng ko yêu cầu CO, CQ, Không yêu cầu CO/CQ thì có biện pháp nào thay thế để chứng minh nguồn gốc hợp pháp và chính hãng?
A83: 1 | B83: ='hsmt v2'!C6 -> Túi chống ẩm Silicagel có dây treo 0,5kg/túi | C83: ='hsmt v2'!D6 -> Túi chống ẩm Silicagel có dây treo 0,5kg/túi | D83: ='hsmt v2'!M6 -> 8592480 | E83: ='hsmt v2'!Y6 -> Minh Ngọc/ Việt Nam | F83: sai | G83: Không yêu cầu CO, CQ | H83: Là hàng việt Nam, <50 triệu, nêu rõ quy nào giúp hướng dẫn không CO/CQ mà vẫn xác định được chính hãng như nhà thầu chào
A84: 135 | B84: ='hsmt v2'!C190 -> Tấm đệm cho cửa thăm/Manhole gasket #6 | C84: ='hsmt v2'!D190 -> Tấm đệm cho cửa thăm/Manhole gasket #6 (gasket material shall be t4.5mm TH'K spiral wound per ASME B16.20) (Dw: VT4E-YK08-P3LAD-430001-010, Part No: 010/03) KT: 463.6x513.6x529.6/362x412x428, dày 4.5mm | D84: ='hsmt v2'!M190 -> 8532000 | E84: ='hsmt v2'!Y190 -> Chesterton/ Mỹ | F84: OK | G84: Không yêu cầu CO, CQ | H84: Bổ sung lý do vì sao là hàng nhập khẩu nhưng ko yêu cầu CO, CQ, Không yêu cầu CO/CQ thì có biện pháp nào thay thế để chứng minh nguồn gốc hợp pháp và chính hãng?
A85: 136 | B85: ='hsmt v2'!C191 -> Tấm đệm cho cửa thăm/Manhole gasket #7 | C85: ='hsmt v2'!D191 -> Tấm đệm cho cửa thăm/Manhole gasket #7 (gasket material shall be t4.5mm TH'K spiral wound per ASME B16.20; Dw No: VT4E-YK08-P3LAD-430051-010; Part No: 010/03) KT: 463.6x513.6x529.6/362x412x428, dày 4.5mm | D85: ='hsmt v2'!M191 -> 8532000 | E85: ='hsmt v2'!Y191 -> Chesterton/ Mỹ | F85: OK | G85: Không yêu cầu CO, CQ | H85: Bổ sung lý do vì sao là hàng nhập khẩu nhưng ko yêu cầu CO, CQ, Không yêu cầu CO/CQ thì có biện pháp nào thay thế để chứng minh nguồn gốc hợp pháp và chính hãng?
A86: 138 | B86: ='hsmt v2'!C193 -> Tấm đệm cho cửa thăm/Manhole gasket BGN No.8 | C86: ='hsmt v2'!D193 -> Tấm đệm cho cửa thăm/Manhole gasket BGN #8 (gasket material shall be t4.5mm TH'K spiral wound per ASME B16.20; Dw No: VT4E-YK08-P3LAD-430101-010; Part No: 010/03) KT: 463.6x513.6x529.6/362x412x428, dày 4.5mm | D86: ='hsmt v2'!M193 -> 8532000 | E86: ='hsmt v2'!Y193 -> Chesterton/ Mỹ | F86: OK | G86: Không yêu cầu CO, CQ | H86: Bổ sung lý do vì sao là hàng nhập khẩu nhưng ko yêu cầu CO, CQ, Không yêu cầu CO/CQ thì có biện pháp nào thay thế để chứng minh nguồn gốc hợp pháp và chính hãng?
A87: 46 | B87: ='hsmt v2'!C62 -> Sơn chống rỉ Jotun Epoxy 2 thành phần | C87: ='hsmt v2'!D62 -> Sơn chống rỉ Jotun Epoxy 2 thành phần, mã màu RAL 9005 Jet black | D87: ='hsmt v2'!M62 -> 8467200 | E87: ='hsmt v2'!Y62 -> Jotun/ Việt Nam | F87: sai | G87: Không yêu cầu CO, CQ | H87: Là hàng việt Nam, <50 triệu, nêu rõ quy nào giúp hướng dẫn không CO/CQ mà vẫn xác định được chính hãng như nhà thầu chào
A88: 73 | B88: ='hsmt v2'!C98 -> Vòng đệm tròn làm kín/Oring M/seal box (nbr) pos 336, sử dụng cho Bơm nước ngưng | C88: ='hsmt v2'!D98 -> Vòng đệm tròn làm kín /o ring M/seal box (nbr ) (pos 336) sử dụng cho bơm nước ngưng có Model VCP350/7S , Drawing no: VT4-YK09-P1LCB-120001 NSX: Hyosung | D88: ='hsmt v2'!M98 -> 8294400 | E88: ='hsmt v2'!Y98 -> Hyosung/ Hàn Quốc | F88: OK | G88: Không yêu cầu CO, CQ | H88: Bổ sung lý do vì sao là hàng nhập khẩu nhưng ko yêu cầu CO, CQ, Không yêu cầu CO/CQ thì có biện pháp nào thay thế để chứng minh nguồn gốc hợp pháp và chính hãng?
A89: 44 | B89: ='hsmt v2'!C60 -> Cao su tấm không bố chịu nhiệt 1000x1000x5mm | C89: ='hsmt v2'!D60 -> Cao su tấm không bố chịu nhiệt 1000x1000x5mm | D89: ='hsmt v2'!M60 -> 7830000 | E89: ='hsmt v2'!Y60 -> Đạt Tâm/ Việt Nam | F89: sai | G89: Không yêu cầu CO, CQ | H89: Là hàng việt Nam, <50 triệu, nêu rõ quy nào giúp hướng dẫn không CO/CQ mà vẫn xác định được chính hãng như nhà thầu chào
A90: 165 | B90: ='hsmt v2'!C272 -> Cáp điện 2 lõi CVV 2x2.5 | C90: ='hsmt v2'!D272 -> Dây cáp điện CVV-2x2.25mm2 Cadivi 600V (2 lõi đồng PVC) | D90: ='hsmt v2'!M272 -> 7260000 | E90: ='hsmt v2'!Y272 -> Cadisun/ Việt Nam | F90: sai | G90: Không yêu cầu CO, CQ | H90: Là hàng việt Nam, <50 triệu, nêu rõ quy nào giúp hướng dẫn không CO/CQ mà vẫn xác định được chính hãng như nhà thầu chào
A91: 24 | B91: ='hsmt v2'!C33 -> Cao su tấm không bố | C91: ='hsmt v2'!D33 -> Cao su tấm không bố, dày 10mm, kích thước 800x1000mm | D91: ='hsmt v2'!M33 -> 7236000 | E91: ='hsmt v2'!Y33 -> Tâm Thiên Phú/ Việt Nam | F91: sai | G91: Không yêu cầu CO, CQ | H91: Là hàng việt Nam, <50 triệu, nêu rõ quy nào giúp hướng dẫn không CO/CQ mà vẫn xác định được chính hãng như nhà thầu chào
A92: 5 | B92: ='hsmt v2'!C10 -> Vòng đệm tròn cao su/O-ring, KT: ID456.06x5.33mm, vật liệu: Viton | C92: ='hsmt v2'!D10 -> Vòng đệm tròn cao su/O-ring - Kích thước: ID 456.06 x 5.33 mm - Vật liệu: Viton | D92: ='hsmt v2'!M10 -> 6480000 | E92: ='hsmt v2'!Y10 -> NAK/ Đài Loan | F92: OK | G92: Không yêu cầu CO, CQ | H92: Bổ sung lý do vì sao là hàng nhập khẩu nhưng ko yêu cầu CO, CQ, Không yêu cầu CO/CQ thì có biện pháp nào thay thế để chứng minh nguồn gốc hợp pháp và chính hãng?
A93: 143 | B93: ='hsmt v2'!C231 -> Vòng đệm tròn làm kín/O-ring pos 273-01 sử dụng cho bơm Pump Type: VMF2100-1700C | C93: ='hsmt v2'!$D$231 -> Vòng đệm tròn làm kín (O-ring) pos 273-01, Material (NBR FOR PACKING BOX),(sử dụng cho bơm Pump Type: VMF2100-1700C, NSX: Hyosung) | D93: ='hsmt v2'!$M$231 -> 6480000 | E93: ='hsmt v2'!Y231 -> Hyosung/ Hàn Quốc | F93: OK | G93: Không yêu cầu CO, CQ | H93: Bổ sung lý do vì sao là hàng nhập khẩu nhưng ko yêu cầu CO, CQ, Không yêu cầu CO/CQ thì có biện pháp nào thay thế để chứng minh nguồn gốc hợp pháp và chính hãng?
A94: 169 | B94: ='hsmt v2'!C277 -> Công tắc dạng phao / Float switch Model: UQK-02 | C94: ='hsmt v2'!D277 -> Mã hiệu: UQK-02 Khoảng tác động: 25-550 mm Công suất tiếp điểm: 220 VAC 1A/3A Kết nối điện: M20 x 1.5 Kết nối: chiều ngang (horizontal) | D94: ='hsmt v2'!M277 -> 6048000 | E94: ='hsmt v2'!Y277 -> Shanghai Automation/ Trung Quốc | F94: OK | G94: Không yêu cầu CO, CQ | H94: Bổ sung lý do vì sao là hàng nhập khẩu nhưng ko yêu cầu CO, CQ, Không yêu cầu CO/CQ thì có biện pháp nào thay thế để chứng minh nguồn gốc hợp pháp và chính hãng?
A95: 104 | B95: ='hsmt v2'!C157 -> Bonnet gasket /Vòng đệm tròn làm kín pos 10 sử dụng cho van serial No: 24639 | C95: ='hsmt v2'!D157 -> Bonnet gasket /Vòng đệm tròn làm kín pos 10 (sử dụng cho van BV 500 ; class 600# body size: 2'' ;serial No: 24639; NSX:WEIR) | D95: ='hsmt v2'!M157 -> 5940000 | E95: ='hsmt v2'!Y157 -> WEIR/ Hàn Quốc | F95: OK | G95: Không yêu cầu CO, CQ | H95: Bổ sung lý do vì sao là hàng nhập khẩu nhưng ko yêu cầu CO, CQ, Không yêu cầu CO/CQ thì có biện pháp nào thay thế để chứng minh nguồn gốc hợp pháp và chính hãng?
A96: 105 | B96: ='hsmt v2'!C158 -> Seat gasket/Vòng đệm tròn làm kín pos 11 sử dụng cho van serial No: 24639 | C96: ='hsmt v2'!D158 -> Seat gasket/Vòng đệm tròn làm kín pos 11 (sử dụng cho van BV 500 ; class 600# body size: 2'' ;serial No: 24639; NSX:WEIR) | D96: ='hsmt v2'!M158 -> 5940000 | E96: ='hsmt v2'!Y158 -> WEIR/ Hàn Quốc | F96: OK | G96: Không yêu cầu CO, CQ | H96: Bổ sung lý do vì sao là hàng nhập khẩu nhưng ko yêu cầu CO, CQ, Không yêu cầu CO/CQ thì có biện pháp nào thay thế để chứng minh nguồn gốc hợp pháp và chính hãng?
A97: 106 | B97: ='hsmt v2'!C159 -> Packing/chèn làm kín pos 12 sử dụng cho van serial No: 24639 | C97: ='hsmt v2'!D159 -> Packing/chèn làm kín pos 12 (sử dụng cho van BV 500 ; class 600# body size: 2''; serial No: 24639; NSX:WEIR) | D97: ='hsmt v2'!M159 -> 5940000 | E97: ='hsmt v2'!Y159 -> WEIR/ Hàn Quốc | F97: OK | G97: Không yêu cầu CO, CQ | H97: Bổ sung lý do vì sao là hàng nhập khẩu nhưng ko yêu cầu CO, CQ, Không yêu cầu CO/CQ thì có biện pháp nào thay thế để chứng minh nguồn gốc hợp pháp và chính hãng?
A98: 121 | B98: ='hsmt v2'!C176 -> O-sealing ring / Vòng đệm 80x3.1, 5-4490-0360-22 | C98: ='hsmt v2'!D176 -> O-sealing ring / Vòng đệm Kích thước: 80x3.1 Tag no: 5-4490-0360-22, sử dụng cho Tuabin bơm cấp kiểu NK63/71 NSX: HTC | D98: ='hsmt v2'!M176 -> 5670000 | E98: ='hsmt v2'!Y176 -> HTC/ Trung Quốc | F98: OK | G98: Không yêu cầu CO, CQ | H98: Bổ sung lý do vì sao là hàng nhập khẩu nhưng ko yêu cầu CO, CQ, Không yêu cầu CO/CQ thì có biện pháp nào thay thế để chứng minh nguồn gốc hợp pháp và chính hãng?
A99: 70 | B99: ='hsmt v2'!C89 -> FLANGE GASKET/Gioăng làm kín Ø650x3mm sử dụng cho lọc nhớt ly tâm Tuabin chính | C99: ='hsmt v2'!D89 -> FLANGE GASKET/Gioăng làm kín Ø612x3mm, sử dụng cho lọc nhớt ly tâm Tuabin chính, bản vẽ DD KT03553-a | D99: ='hsmt v2'!M89 -> 5616000 | E99: ='hsmt v2'!Y89 -> Gapi/ Ý | F99: OK | G99: Không yêu cầu CO, CQ | H99: Bổ sung lý do vì sao là hàng nhập khẩu nhưng ko yêu cầu CO, CQ, Không yêu cầu CO/CQ thì có biện pháp nào thay thế để chứng minh nguồn gốc hợp pháp và chính hãng?
A100: 110 | B100: ='hsmt v2'!C163 -> Bulong lục giác chìm đầu trụ ren suốt thép đen M36x120mm | C100: ='hsmt v2'!D163 -> Bulong lục giác chìm đầu trụ ren suốt thép đen M36x120mm, cấp bền 12.9, chiều dài bước ren 75mm | D100: ='hsmt v2'!M163 -> 5443200 | E100: ='hsmt v2'!Y163 -> Mecsu/ Việt Nam | F100: sai | G100: Không yêu cầu CO, CQ | H100: Là hàng việt Nam, <50 triệu, nêu rõ quy nào giúp hướng dẫn không CO/CQ mà vẫn xác định được chính hãng như nhà thầu chào
...
